string,int,int,,string,int,int,int,int,int,int,string,string,string,string,string,string,string,string,string,string,string,"int
0危险区
1普通区
2安全区
3新手区","int
2中立
0周
1商"
场景文件,编号,区域ID,区域名,二级地图,场景高度,场景宽度,BLOCK偏移X,BLOCK偏移Y,战斗音乐,寻路类型分组,本方重生点1,本方重生点2,本方重生点3,对方重生点1,对方重生点2,对方重生点3,红名重生点,红名重生点2,红名重生点3,红名重生点4,红名重生点5,PK属性,阵营
scene01_000.rtb,1,0,,,,,,,,,560;2590,560;2590,560;2590,560;2590,560;2590,560;2590,560;2590,560;2590,560;2590,560;2590,560;2590,1,0
scene01_005.rtb,2,0,蜀郡,previewmap_03,2,2,0,0,fight_007_a.ogg,1,560;2590,560;2590,560;2590,560;2590,560;2590,560;2590,560;2590,560;2590,560;2590,560;2590,560;2590,1,0
scene01_006.rtb,3,0,蜀郡,previewmap_03,2,2,1,0,fight_007_a.ogg,1,560;2590,560;2590,560;2590,560;2590,560;2590,560;2590,560;2590,560;2590,560;2590,560;2590,560;2590,1,0
scene01_007.rtb,4,0,蜀郡,previewmap_03,2,2,0,1,fight_007_a.ogg,1,560;2590,560;2590,560;2590,560;2590,560;2590,560;2590,560;2590,560;2590,560;2590,560;2590,560;2590,1,0
scene01_008.rtb,5,0,蜀郡,previewmap_03,2,2,1,1,fight_007_a.ogg,1,560;2590,560;2590,560;2590,560;2590,560;2590,560;2590,560;2590,560;2590,560;2590,560;2590,560;2590,1,0
scene01_009.rtb,6,0,花间门,previewmap_05,1,1,0,0,fight_007_a.ogg,2,560;2590,560;2590,560;2590,560;2590,560;2590,560;2590,560;2590,560;2590,560;2590,560;2590,560;2590,1,0
scene01_010.rtb,7,0,蜀山派,previewmap_04,1,1,0,0,fight_007_a.ogg,3,560;2590,560;2590,560;2590,560;2590,560;2590,560;2590,560;2590,560;2590,560;2590,560;2590,560;2590,1,0
scene01_011.rtb,8,0,花雨陵,previewmap_06,3,3,1,0,fight_001_a.ogg,1,560;2590,560;2590,560;2590,560;2590,560;2590,560;2590,560;2590,560;2590,560;2590,560;2590,560;2590,1,0
scene01_012.rtb,9,0,花雨陵,previewmap_06,3,3,0,1,fight_001_a.ogg,1,560;2590,560;2590,560;2590,560;2590,560;2590,560;2590,560;2590,560;2590,560;2590,560;2590,560;2590,1,0
scene01_013.rtb,10,0,花雨陵,previewmap_06,3,3,1,1,fight_001_a.ogg,1,560;2590,560;2590,560;2590,560;2590,560;2590,560;2590,560;2590,560;2590,560;2590,560;2590,560;2590,1,0
scene01_014.rtb,11,0,花雨陵,previewmap_06,3,3,2,1,fight_001_a.ogg,1,560;2590,560;2590,560;2590,560;2590,560;2590,560;2590,560;2590,560;2590,560;2590,560;2590,560;2590,1,0
scene01_015.rtb,12,0,花雨陵,previewmap_06,3,3,1,2,fight_001_a.ogg,1,560;2590,560;2590,560;2590,560;2590,560;2590,560;2590,560;2590,560;2590,560;2590,560;2590,560;2590,1,0
scene01_016.rtb,13,0,玉凌雪域,previewmap_07,2,3,1,0,fight_005_a.ogg,1,560;2590,560;2590,560;2590,560;2590,560;2590,560;2590,560;2590,560;2590,560;2590,560;2590,560;2590,1,0
scene01_017.rtb,14,0,玉凌雪域,previewmap_07,2,3,2,0,fight_005_a.ogg,1,560;2590,560;2590,560;2590,560;2590,560;2590,560;2590,560;2590,560;2590,560;2590,560;2590,560;2590,1,0
scene01_018.rtb,15,0,玉凌雪域,previewmap_07,2,3,1,1,fight_005_a.ogg,1,560;2590,560;2590,560;2590,560;2590,560;2590,560;2590,560;2590,560;2590,560;2590,560;2590,560;2590,1,0
scene01_019.rtb,16,0,玉凌雪域,previewmap_07,2,3,2,1,fight_005_a.ogg,1,560;2590,560;2590,560;2590,560;2590,560;2590,560;2590,560;2590,560;2590,560;2590,560;2590,560;2590,1,0
scene01_020.rtb,17,0,玉凌雪域,previewmap_07,2,3,0,1,fight_005_a.ogg,1,560;2590,560;2590,560;2590,560;2590,560;2590,560;2590,560;2590,560;2590,560;2590,560;2590,560;2590,1,0
scene01_021.rtb,18,0,不夜洞,previewmap_103,1,1,0,0,fight_005_a.ogg,4,560;2590,560;2590,560;2590,560;2590,560;2590,560;2590,560;2590,560;2590,560;2590,560;2590,560;2590,1,0
scene01_022.rtb,19,0,五回洞,previewmap_102,1,1,0,0,fight_003_a.ogg,5,560;2590,560;2590,560;2590,560;2590,560;2590,560;2590,560;2590,560;2590,560;2590,560;2590,560;2590,1,0
scene01_023.rtb,20,0,云隐谷,previewmap_08,2,2,0,0,fight_003_a.ogg,1,560;2590,560;2590,560;2590,560;2590,560;2590,560;2590,560;2590,560;2590,560;2590,560;2590,560;2590,1,0
scene01_024.rtb,21,0,云隐谷,previewmap_08,2,2,0,1,fight_003_a.ogg,1,560;2590,560;2590,560;2590,560;2590,560;2590,560;2590,560;2590,560;2590,560;2590,560;2590,560;2590,1,0
scene01_025.rtb,22,0,云隐谷,previewmap_08,2,2,1,1,fight_005_a.ogg,1,560;2590,560;2590,560;2590,560;2590,560;2590,560;2590,560;2590,560;2590,560;2590,560;2590,560;2590,1,0
scene01_026.rtb,23,0,两仪极地,previewmap_09,2,3,1,0,fight_005_a.ogg,1,560;2590,560;2590,560;2590,560;2590,560;2590,560;2590,560;2590,560;2590,560;2590,560;2590,560;2590,1,0
scene01_027.rtb,24,0,两仪极地,previewmap_09,2,3,0,1,fight_005_a.ogg,1,560;2590,560;2590,560;2590,560;2590,560;2590,560;2590,560;2590,560;2590,560;2590,560;2590,560;2590,1,0
scene01_028.rtb,25,0,两仪极地,previewmap_09,2,3,1,1,fight_005_a.ogg,1,560;2590,560;2590,560;2590,560;2590,560;2590,560;2590,560;2590,560;2590,560;2590,560;2590,560;2590,1,0
scene01_029.rtb,26,0,两仪极地,previewmap_09,2,3,2,1,fight_005_a.ogg,1,560;2590,560;2590,560;2590,560;2590,560;2590,560;2590,560;2590,560;2590,560;2590,560;2590,560;2590,1,0
scene01_030.rtb,27,0,蜀郡郊外,previewmap_10,4,3,1,0,fight_001_a.ogg,1,560;2590,560;2590,560;2590,560;2590,560;2590,560;2590,560;2590,560;2590,560;2590,560;2590,560;2590,1,0
scene01_031.rtb,28,0,蜀郡郊外,previewmap_10,4,3,0,1,fight_001_a.ogg,1,560;2590,560;2590,560;2590,560;2590,560;2590,560;2590,560;2590,560;2590,560;2590,560;2590,560;2590,1,0
scene01_032.rtb,29,0,蜀郡郊外,previewmap_10,4,3,1,1,fight_001_a.ogg,1,560;2590,560;2590,560;2590,560;2590,560;2590,560;2590,560;2590,560;2590,560;2590,560;2590,560;2590,1,0
scene01_033.rtb,30,0,蜀郡郊外,previewmap_10,4,3,2,1,fight_001_a.ogg,1,560;2590,560;2590,560;2590,560;2590,560;2590,560;2590,560;2590,560;2590,560;2590,560;2590,560;2590,1,0
scene01_034.rtb,31,0,蜀郡郊外,previewmap_10,4,3,0,2,fight_004_a.ogg,1,560;2590,560;2590,560;2590,560;2590,560;2590,560;2590,560;2590,560;2590,560;2590,560;2590,560;2590,1,0
scene01_035.rtb,32,0,蜀郡郊外,previewmap_10,4,3,1,2,fight_004_a.ogg,1,560;2590,560;2590,560;2590,560;2590,560;2590,560;2590,560;2590,560;2590,560;2590,560;2590,560;2590,1,0
scene01_036.rtb,33,0,蜀郡郊外,previewmap_10,4,3,2,2,fight_001_a.ogg,1,560;2590,560;2590,560;2590,560;2590,560;2590,560;2590,560;2590,560;2590,560;2590,560;2590,560;2590,1,0
scene01_037.rtb,34,0,蜀郡郊外,previewmap_10,4,3,1,3,fight_003_a.ogg,1,560;2590,560;2590,560;2590,560;2590,560;2590,560;2590,560;2590,560;2590,560;2590,560;2590,560;2590,1,0
scene01_039.rtb,35,0,蜘蛛洞穴,previewmap_101,1,1,0,0,fight_003_a.ogg,6,560;2590,560;2590,560;2590,560;2590,560;2590,560;2590,560;2590,560;2590,560;2590,560;2590,560;2590,1,0
scene01_040.rtb,36,0,未开放,previewmap_106,1,1,0,0,fight_001_a.ogg,7,560;2590,560;2590,560;2590,560;2590,560;2590,560;2590,560;2590,560;2590,560;2590,560;2590,560;2590,1,0
scene01_041.rtb,37,0,腾云窟,previewmap_104,1,1,0,0,fight_003_a.ogg,8,560;2590,560;2590,560;2590,560;2590,560;2590,560;2590,560;2590,560;2590,560;2590,560;2590,560;2590,1,0
scene01_042.rtb,38,0,万象窟,previewmap_105,1,1,0,0,fight_003_a.ogg,9,560;2590,560;2590,560;2590,560;2590,560;2590,560;2590,560;2590,560;2590,560;2590,560;2590,560;2590,1,0
scene01_043.rtb,39,0,苗疆,previewmap_12,1,1,0,0,fight_001_a.ogg,10,560;2590,560;2590,560;2590,560;2590,560;2590,560;2590,560;2590,560;2590,560;2590,560;2590,560;2590,1,0
scene01_044.rtb,40,0,五台,previewmap_11,2,1,0,1,fight_001_a.ogg,11,560;2590,560;2590,560;2590,560;2590,560;2590,560;2590,560;2590,560;2590,560;2590,560;2590,560;2590,1,0
scene01_045.rtb,41,0,枫林湾,previewmap_13,2,1,0,0,fight_001_a.ogg,1,560;2590,560;2590,560;2590,560;2590,560;2590,560;2590,560;2590,560;2590,560;2590,560;2590,560;2590,1,0
scene01_046.rtb,42,0,枫林湾,previewmap_13,2,1,0,1,fight_001_a.ogg,1,560;2590,560;2590,560;2590,560;2590,560;2590,560;2590,560;2590,560;2590,560;2590,560;2590,560;2590,1,0
scene01_047.rtb,43,0,蜀道,previewmap_14,3,3,0,1,fight_003_a.ogg,1,560;2590,560;2590,560;2590,560;2590,560;2590,560;2590,560;2590,560;2590,560;2590,560;2590,560;2590,1,0
scene01_048.rtb,44,0,蜀道,previewmap_14,3,3,1,0,fight_003_a.ogg,1,560;2590,560;2590,560;2590,560;2590,560;2590,560;2590,560;2590,560;2590,560;2590,560;2590,560;2590,1,0
scene01_049.rtb,45,0,蜀道,previewmap_14,3,3,2,0,fight_003_a.ogg,1,560;2590,560;2590,560;2590,560;2590,560;2590,560;2590,560;2590,560;2590,560;2590,560;2590,560;2590,1,0
scene01_050.rtb,46,0,蜀道,previewmap_14,3,3,1,1,fight_003_a.ogg,1,560;2590,560;2590,560;2590,560;2590,560;2590,560;2590,560;2590,560;2590,560;2590,560;2590,560;2590,1,0
scene01_051.rtb,47,0,蜀道,previewmap_14,3,3,2,1,fight_003_a.ogg,1,560;2590,560;2590,560;2590,560;2590,560;2590,560;2590,560;2590,560;2590,560;2590,560;2590,560;2590,1,0
scene01_052.rtb,48,0,蜀道,previewmap_14,3,3,1,2,fight_003_a.ogg,1,560;2590,560;2590,560;2590,560;2590,560;2590,560;2590,560;2590,560;2590,560;2590,560;2590,560;2590,1,0
scene01_053.rtb,49,0,蜀道,previewmap_14,3,3,2,2,fight_003_a.ogg,1,560;2590,560;2590,560;2590,560;2590,560;2590,560;2590,560;2590,560;2590,560;2590,560;2590,560;2590,1,0
scene01_054.rtb,50,0,制作中,previewmap_00,0,0,0,0,fight_001_a.ogg,,560;2590,560;2590,560;2590,560;2590,560;2590,560;2590,560;2590,560;2590,560;2590,560;2590,560;2590,1,0
scene01_055.rtb,51,0,制作中,previewmap_00,0,0,0,0,fight_001_a.ogg,,560;2590,560;2590,560;2590,560;2590,560;2590,560;2590,560;2590,560;2590,560;2590,560;2590,560;2590,1,0
scene01_056.rtb,52,0,制作中,previewmap_00,0,0,0,0,fight_001_a.ogg,,560;2590,560;2590,560;2590,560;2590,560;2590,560;2590,560;2590,560;2590,560;2590,560;2590,560;2590,1,0
scene01_057.rtb,53,0,制作中,previewmap_00,0,0,0,0,fight_001_a.ogg,,560;2590,560;2590,560;2590,560;2590,560;2590,560;2590,560;2590,560;2590,560;2590,560;2590,560;2590,1,0
scene01_058.rtb,54,0,剑阁,previewmap_16,3,3,0,0,fight_001_a.ogg,1,560;2590,560;2590,560;2590,560;2590,560;2590,560;2590,560;2590,560;2590,560;2590,560;2590,560;2590,1,0
scene01_059.rtb,55,0,剑阁,previewmap_16,3,3,0,1,fight_001_a.ogg,1,560;2590,560;2590,560;2590,560;2590,560;2590,560;2590,560;2590,560;2590,560;2590,560;2590,560;2590,1,0
scene01_060.rtb,56,0,剑阁,previewmap_16,3,3,1,1,fight_003_a.ogg,1,560;2590,560;2590,560;2590,560;2590,560;2590,560;2590,560;2590,560;2590,560;2590,560;2590,560;2590,1,0
scene01_061.rtb,57,0,剑阁,previewmap_16,3,3,2,1,fight_003_a.ogg,1,560;2590,560;2590,560;2590,560;2590,560;2590,560;2590,560;2590,560;2590,560;2590,560;2590,560;2590,1,0
scene01_062.rtb,58,0,剑阁,previewmap_16,3,3,1,2,fight_003_a.ogg,1,560;2590,560;2590,560;2590,560;2590,560;2590,560;2590,560;2590,560;2590,560;2590,560;2590,560;2590,1,0
scene01_063.rtb,59,0,剑阁,previewmap_16,3,3,2,2,fight_003_a.ogg,1,560;2590,560;2590,560;2590,560;2590,560;2590,560;2590,560;2590,560;2590,560;2590,560;2590,560;2590,1,0
scene01_064.rtb,60,0,制作中,previewmap_00,0,0,0,0,fight_001_a.ogg,,560;2590,560;2590,560;2590,560;2590,560;2590,560;2590,560;2590,560;2590,560;2590,560;2590,560;2590,1,0
scene01_065.rtb,61,0,制作中,previewmap_00,0,0,0,0,fight_001_a.ogg,,560;2590,560;2590,560;2590,560;2590,560;2590,560;2590,560;2590,560;2590,560;2590,560;2590,560;2590,1,0
scene01_066.rtb,62,0,制作中,previewmap_00,0,0,0,0,fight_001_a.ogg,,560;2590,560;2590,560;2590,560;2590,560;2590,560;2590,560;2590,560;2590,560;2590,560;2590,560;2590,1,0
scene01_067.rtb,63,0,制作中,previewmap_00,0,0,0,0,fight_001_a.ogg,,560;2590,560;2590,560;2590,560;2590,560;2590,560;2590,560;2590,560;2590,560;2590,560;2590,560;2590,1,0
scene01_068.rtb,64,0,制作中,previewmap_00,0,0,0,0,fight_001_a.ogg,,560;2590,560;2590,560;2590,560;2590,560;2590,560;2590,560;2590,560;2590,560;2590,560;2590,560;2590,1,0
scene01_069.rtb,65,0,制作中,previewmap_00,0,0,0,0,fight_001_a.ogg,,560;2590,560;2590,560;2590,560;2590,560;2590,560;2590,560;2590,560;2590,560;2590,560;2590,560;2590,1,0
scene01_070.rtb,66,0,制作中,previewmap_00,0,0,0,0,fight_001_a.ogg,,560;2590,560;2590,560;2590,560;2590,560;2590,560;2590,560;2590,560;2590,560;2590,560;2590,560;2590,1,0
scene01_071.rtb,67,0,制作中,previewmap_00,0,0,0,0,fight_001_a.ogg,,560;2590,560;2590,560;2590,560;2590,560;2590,560;2590,560;2590,560;2590,560;2590,560;2590,560;2590,1,0
scene01_072.rtb,68,0,制作中,previewmap_00,0,0,0,0,fight_001_a.ogg,,560;2590,560;2590,560;2590,560;2590,560;2590,560;2590,560;2590,560;2590,560;2590,560;2590,560;2590,1,0
scene01_073.rtb,69,0,制作中,previewmap_00,0,0,0,0,fight_001_a.ogg,,560;2590,560;2590,560;2590,560;2590,560;2590,560;2590,560;2590,560;2590,560;2590,560;2590,560;2590,1,0
scene01_074.rtb,70,0,制作中,previewmap_00,0,0,0,0,fight_001_a.ogg,,560;2590,560;2590,560;2590,560;2590,560;2590,560;2590,560;2590,560;2590,560;2590,560;2590,560;2590,1,0
scene01_075.rtb,71,0,制作中,previewmap_00,0,0,0,0,fight_001_a.ogg,,560;2590,560;2590,560;2590,560;2590,560;2590,560;2590,560;2590,560;2590,560;2590,560;2590,560;2590,1,0
scene01_076.rtb,72,0,制作中,previewmap_00,0,0,0,0,fight_001_a.ogg,,560;2590,560;2590,560;2590,560;2590,560;2590,560;2590,560;2590,560;2590,560;2590,560;2590,560;2590,1,0
scene01_077.rtb,73,0,制作中,previewmap_00,0,0,0,0,fight_001_a.ogg,,560;2590,560;2590,560;2590,560;2590,560;2590,560;2590,560;2590,560;2590,560;2590,560;2590,560;2590,1,0
scene01_078.rtb,74,0,制作中,previewmap_00,0,0,0,0,fight_001_a.ogg,,560;2590,560;2590,560;2590,560;2590,560;2590,560;2590,560;2590,560;2590,560;2590,560;2590,560;2590,1,0
scene01_079.rtb,75,0,制作中,previewmap_00,0,0,0,0,fight_001_a.ogg,,560;2590,560;2590,560;2590,560;2590,560;2590,560;2590,560;2590,560;2590,560;2590,560;2590,560;2590,1,0
scene01_080.rtb,76,0,制作中,previewmap_00,0,0,0,0,fight_001_a.ogg,,560;2590,560;2590,560;2590,560;2590,560;2590,560;2590,560;2590,560;2590,560;2590,560;2590,560;2590,1,0
scene01_081.rtb,77,0,制作中,previewmap_00,0,0,0,0,fight_001_a.ogg,,560;2590,560;2590,560;2590,560;2590,560;2590,560;2590,560;2590,560;2590,560;2590,560;2590,560;2590,1,0
scene01_082.rtb,78,0,制作中,previewmap_00,0,0,0,0,fight_001_a.ogg,,560;2590,560;2590,560;2590,560;2590,560;2590,560;2590,560;2590,560;2590,560;2590,560;2590,560;2590,1,0
scene01_083.rtb,79,0,制作中,previewmap_00,0,0,0,0,fight_001_a.ogg,,560;2590,560;2590,560;2590,560;2590,560;2590,560;2590,560;2590,560;2590,560;2590,560;2590,560;2590,1,0
scene01_084.rtb,80,0,制作中,previewmap_00,0,0,0,0,fight_001_a.ogg,,560;2590,560;2590,560;2590,560;2590,560;2590,560;2590,560;2590,560;2590,560;2590,560;2590,560;2590,1,0
scene01_085.rtb,81,0,制作中,previewmap_00,0,0,0,0,fight_001_a.ogg,,560;2590,560;2590,560;2590,560;2590,560;2590,560;2590,560;2590,560;2590,560;2590,560;2590,560;2590,1,0
scene01_086.rtb,82,0,制作中,previewmap_00,0,0,0,0,fight_001_a.ogg,,560;2590,560;2590,560;2590,560;2590,560;2590,560;2590,560;2590,560;2590,560;2590,560;2590,560;2590,1,0
scene01_087.rtb,83,0,制作中,previewmap_00,0,0,0,0,fight_001_a.ogg,,560;2590,560;2590,560;2590,560;2590,560;2590,560;2590,560;2590,560;2590,560;2590,560;2590,560;2590,1,0
scene01_088.rtb,84,0,制作中,previewmap_00,0,0,0,0,fight_001_a.ogg,,560;2590,560;2590,560;2590,560;2590,560;2590,560;2590,560;2590,560;2590,560;2590,560;2590,560;2590,1,0
scene01_089.rtb,85,0,制作中,previewmap_00,0,0,0,0,fight_001_a.ogg,,560;2590,560;2590,560;2590,560;2590,560;2590,560;2590,560;2590,560;2590,560;2590,560;2590,560;2590,1,0
scene01_090.rtb,86,0,制作中,previewmap_00,0,0,0,0,fight_001_a.ogg,,560;2590,560;2590,560;2590,560;2590,560;2590,560;2590,560;2590,560;2590,560;2590,560;2590,560;2590,1,0
scene01_091.rtb,87,0,制作中,previewmap_00,0,0,0,0,fight_001_a.ogg,,560;2590,560;2590,560;2590,560;2590,560;2590,560;2590,560;2590,560;2590,560;2590,560;2590,560;2590,1,0
scene01_092.rtb,88,0,制作中,previewmap_00,0,0,0,0,fight_001_a.ogg,,560;2590,560;2590,560;2590,560;2590,560;2590,560;2590,560;2590,560;2590,560;2590,560;2590,560;2590,1,0
scene01_093.rtb,89,0,制作中,previewmap_00,0,0,0,0,fight_001_a.ogg,,560;2590,560;2590,560;2590,560;2590,560;2590,560;2590,560;2590,560;2590,560;2590,560;2590,560;2590,1,0
scene01_094.rtb,90,0,制作中,previewmap_00,0,0,0,0,fight_001_a.ogg,,560;2590,560;2590,560;2590,560;2590,560;2590,560;2590,560;2590,560;2590,560;2590,560;2590,560;2590,1,0
scene01_095.rtb,91,0,制作中,previewmap_00,0,0,0,0,fight_001_a.ogg,,560;2590,560;2590,560;2590,560;2590,560;2590,560;2590,560;2590,560;2590,560;2590,560;2590,560;2590,1,0
scene01_096.rtb,92,0,制作中,previewmap_00,0,0,0,0,fight_001_a.ogg,,560;2590,560;2590,560;2590,560;2590,560;2590,560;2590,560;2590,560;2590,560;2590,560;2590,560;2590,1,0
scene01_097.rtb,93,0,制作中,previewmap_00,0,0,0,0,fight_001_a.ogg,,560;2590,560;2590,560;2590,560;2590,560;2590,560;2590,560;2590,560;2590,560;2590,560;2590,560;2590,1,0
scene01_098.rtb,94,0,制作中,previewmap_00,0,0,0,0,fight_001_a.ogg,,560;2590,560;2590,560;2590,560;2590,560;2590,560;2590,560;2590,560;2590,560;2590,560;2590,560;2590,1,0
scene01_099.rtb,95,0,制作中,previewmap_00,0,0,0,0,fight_001_a.ogg,,560;2590,560;2590,560;2590,560;2590,560;2590,560;2590,560;2590,560;2590,560;2590,560;2590,560;2590,1,0
scene01_100.rtb,96,0,制作中,previewmap_00,0,0,0,0,fight_001_a.ogg,,560;2590,560;2590,560;2590,560;2590,560;2590,560;2590,560;2590,560;2590,560;2590,560;2590,560;2590,1,0
scene01_101.rtb,97,0,制作中,previewmap_00,0,0,0,0,fight_001_a.ogg,,560;2590,560;2590,560;2590,560;2590,560;2590,560;2590,560;2590,560;2590,560;2590,560;2590,560;2590,1,0
scene01_102.rtb,98,0,制作中,previewmap_00,0,0,0,0,fight_001_a.ogg,,560;2590,560;2590,560;2590,560;2590,560;2590,560;2590,560;2590,560;2590,560;2590,560;2590,560;2590,1,0
scene01_103.rtb,99,0,制作中,previewmap_00,0,0,0,0,fight_001_a.ogg,,560;2590,560;2590,560;2590,560;2590,560;2590,560;2590,560;2590,560;2590,560;2590,560;2590,560;2590,1,0
scene01_104.rtb,100,0,制作中,previewmap_00,0,0,0,0,fight_001_a.ogg,,560;2590,560;2590,560;2590,560;2590,560;2590,560;2590,560;2590,560;2590,560;2590,560;2590,560;2590,1,0
scene01_105.rtb,101,0,制作中,previewmap_00,0,0,0,0,fight_001_a.ogg,,560;2590,560;2590,560;2590,560;2590,560;2590,560;2590,560;2590,560;2590,560;2590,560;2590,560;2590,1,0
scene01_106.rtb,102,0,制作中,previewmap_00,0,0,0,0,fight_001_a.ogg,,560;2590,560;2590,560;2590,560;2590,560;2590,560;2590,560;2590,560;2590,560;2590,560;2590,560;2590,1,0
scene01_107.rtb,103,0,制作中,previewmap_00,0,0,0,0,fight_001_a.ogg,,560;2590,560;2590,560;2590,560;2590,560;2590,560;2590,560;2590,560;2590,560;2590,560;2590,560;2590,1,0
scene01_108.rtb,104,0,制作中,previewmap_00,0,0,0,0,fight_001_a.ogg,,560;2590,560;2590,560;2590,560;2590,560;2590,560;2590,560;2590,560;2590,560;2590,560;2590,560;2590,1,0
scene01_109.rtb,105,0,制作中,previewmap_00,0,0,0,0,fight_001_a.ogg,,560;2590,560;2590,560;2590,560;2590,560;2590,560;2590,560;2590,560;2590,560;2590,560;2590,560;2590,1,0
scene01_110.rtb,106,0,制作中,previewmap_00,0,0,0,0,fight_001_a.ogg,,560;2590,560;2590,560;2590,560;2590,560;2590,560;2590,560;2590,560;2590,560;2590,560;2590,560;2590,1,0
scene01_111.rtb,107,0,制作中,previewmap_00,0,0,0,0,fight_001_a.ogg,,560;2590,560;2590,560;2590,560;2590,560;2590,560;2590,560;2590,560;2590,560;2590,560;2590,560;2590,1,0
scene01_112.rtb,108,0,制作中,previewmap_00,0,0,0,0,fight_001_a.ogg,,560;2590,560;2590,560;2590,560;2590,560;2590,560;2590,560;2590,560;2590,560;2590,560;2590,560;2590,1,0
scene01_113.rtb,109,0,制作中,previewmap_00,0,0,0,0,fight_001_a.ogg,,560;2590,560;2590,560;2590,560;2590,560;2590,560;2590,560;2590,560;2590,560;2590,560;2590,560;2590,1,0
scene01_114.rtb,110,0,制作中,previewmap_00,0,0,0,0,fight_001_a.ogg,,560;2590,560;2590,560;2590,560;2590,560;2590,560;2590,560;2590,560;2590,560;2590,560;2590,560;2590,1,0
scene01_115.rtb,111,0,制作中,previewmap_00,0,0,0,0,fight_001_a.ogg,,560;2590,560;2590,560;2590,560;2590,560;2590,560;2590,560;2590,560;2590,560;2590,560;2590,560;2590,1,0
scene01_116.rtb,112,0,镇妖塔一层,previewmap_107,2,2,0,0,fight_003_a.ogg,50,560;2590,560;2590,560;2590,560;2590,560;2590,560;2590,560;2590,560;2590,560;2590,560;2590,560;2590,1,0
scene01_117.rtb,113,0,镇妖塔一层,previewmap_107,2,2,1,0,fight_003_a.ogg,50,560;2590,560;2590,560;2590,560;2590,560;2590,560;2590,560;2590,560;2590,560;2590,560;2590,560;2590,1,0
scene01_118.rtb,114,0,镇妖塔一层,previewmap_107,2,2,0,1,fight_003_a.ogg,50,560;2590,560;2590,560;2590,560;2590,560;2590,560;2590,560;2590,560;2590,560;2590,560;2590,560;2590,1,0
scene01_119.rtb,115,0,镇妖塔一层,previewmap_107,2,2,1,1,fight_003_a.ogg,50,560;2590,560;2590,560;2590,560;2590,560;2590,560;2590,560;2590,560;2590,560;2590,560;2590,560;2590,1,0
scene01_120.rtb,116,0,镇妖塔二层,previewmap_108,2,2,0,0,fight_003_a.ogg,51,560;2590,560;2590,560;2590,560;2590,560;2590,560;2590,560;2590,560;2590,560;2590,560;2590,560;2590,1,0
scene01_121.rtb,117,0,镇妖塔二层,previewmap_108,2,2,1,0,fight_003_a.ogg,51,560;2590,560;2590,560;2590,560;2590,560;2590,560;2590,560;2590,560;2590,560;2590,560;2590,560;2590,1,0
scene01_122.rtb,118,0,镇妖塔二层,previewmap_108,2,2,0,1,fight_003_a.ogg,51,560;2590,560;2590,560;2590,560;2590,560;2590,560;2590,560;2590,560;2590,560;2590,560;2590,560;2590,1,0
scene01_123.rtb,119,0,镇妖塔二层,previewmap_108,2,2,1,1,fight_003_a.ogg,51,560;2590,560;2590,560;2590,560;2590,560;2590,560;2590,560;2590,560;2590,560;2590,560;2590,560;2590,1,0
scene01_124.rtb,120,0,镇妖塔三层,previewmap_109,2,2,0,0,fight_003_a.ogg,52,560;2590,560;2590,560;2590,560;2590,560;2590,560;2590,560;2590,560;2590,560;2590,560;2590,560;2590,1,0
scene01_125.rtb,121,0,镇妖塔三层,previewmap_109,2,2,1,0,fight_003_a.ogg,52,560;2590,560;2590,560;2590,560;2590,560;2590,560;2590,560;2590,560;2590,560;2590,560;2590,560;2590,1,0
scene01_126.rtb,122,0,镇妖塔三层,previewmap_109,2,2,0,1,fight_003_a.ogg,52,560;2590,560;2590,560;2590,560;2590,560;2590,560;2590,560;2590,560;2590,560;2590,560;2590,560;2590,1,0
scene01_127.rtb,123,0,镇妖塔三层,previewmap_109,2,2,1,1,fight_003_a.ogg,52,560;2590,560;2590,560;2590,560;2590,560;2590,560;2590,560;2590,560;2590,560;2590,560;2590,560;2590,1,0
scene01_128.rtb,124,0,镇妖塔四层,previewmap_110,2,2,0,0,fight_003_a.ogg,53,560;2590,560;2590,560;2590,560;2590,560;2590,560;2590,560;2590,560;2590,560;2590,560;2590,560;2590,1,0
scene01_129.rtb,125,0,镇妖塔四层,previewmap_110,2,2,1,0,fight_003_a.ogg,53,560;2590,560;2590,560;2590,560;2590,560;2590,560;2590,560;2590,560;2590,560;2590,560;2590,560;2590,1,0
scene01_130.rtb,126,0,镇妖塔四层,previewmap_110,2,2,0,1,fight_003_a.ogg,53,560;2590,560;2590,560;2590,560;2590,560;2590,560;2590,560;2590,560;2590,560;2590,560;2590,560;2590,1,0
scene01_131.rtb,127,0,镇妖塔四层,previewmap_110,2,2,1,1,fight_003_a.ogg,53,560;2590,560;2590,560;2590,560;2590,560;2590,560;2590,560;2590,560;2590,560;2590,560;2590,560;2590,1,0
scene01_132.rtb,128,0,镇妖塔五层,previewmap_111,2,2,0,0,fight_003_a.ogg,54,560;2590,560;2590,560;2590,560;2590,560;2590,560;2590,560;2590,560;2590,560;2590,560;2590,560;2590,1,0
scene01_133.rtb,129,0,镇妖塔五层,previewmap_111,2,2,1,0,fight_003_a.ogg,54,560;2590,560;2590,560;2590,560;2590,560;2590,560;2590,560;2590,560;2590,560;2590,560;2590,560;2590,1,0
scene01_134.rtb,130,0,镇妖塔五层,previewmap_111,2,2,0,1,fight_003_a.ogg,54,560;2590,560;2590,560;2590,560;2590,560;2590,560;2590,560;2590,560;2590,560;2590,560;2590,560;2590,1,0
scene01_135.rtb,131,0,镇妖塔五层,previewmap_111,2,2,1,1,fight_003_a.ogg,54,560;2590,560;2590,560;2590,560;2590,560;2590,560;2590,560;2590,560;2590,560;2590,560;2590,560;2590,1,0
scene01_136.rtb,132,0,五台,previewmap_11,2,1,0,0,fight_001_a.ogg,11,560;2590,560;2590,560;2590,560;2590,560;2590,560;2590,560;2590,560;2590,560;2590,560;2590,560;2590,1,0
scene01_137.rtb,133,0,制作中,previewmap_00,0,0,0,0,fight_001_a.ogg,,560;2590,560;2590,560;2590,560;2590,560;2590,560;2590,560;2590,560;2590,560;2590,560;2590,560;2590,1,0
scene01_138.rtb,134,0,制作中,previewmap_00,0,0,0,0,fight_001_a.ogg,,560;2590,560;2590,560;2590,560;2590,560;2590,560;2590,560;2590,560;2590,560;2590,560;2590,560;2590,1,0
scene01_139.rtb,135,0,制作中,previewmap_00,0,0,0,0,fight_001_a.ogg,,560;2590,560;2590,560;2590,560;2590,560;2590,560;2590,560;2590,560;2590,560;2590,560;2590,560;2590,1,0
scene01_140.rtb,136,0,制作中,previewmap_00,0,0,0,0,fight_001_a.ogg,,560;2590,560;2590,560;2590,560;2590,560;2590,560;2590,560;2590,560;2590,560;2590,560;2590,560;2590,1,0
scene01_141.rtb,137,0,制作中,previewmap_00,0,0,0,0,fight_001_a.ogg,,560;2590,560;2590,560;2590,560;2590,560;2590,560;2590,560;2590,560;2590,560;2590,560;2590,560;2590,1,0
scene01_142.rtb,138,0,制作中,previewmap_00,0,0,0,0,fight_001_a.ogg,,560;2590,560;2590,560;2590,560;2590,560;2590,560;2590,560;2590,560;2590,560;2590,560;2590,560;2590,1,0
scene02_001.rtb,201,1,战痕峡谷,previewmap_201,2,2,0,0,fight_002_a.ogg,13,2915;2215,2915;2215,2915;2215,2915;2215,2915;2215,2915;2215,2915;2215,2915;2215,2915;2215,2915;2215,2915;2215,1,0
scene02_002.rtb,202,1,战痕峡谷,previewmap_201,2,2,1,0,fight_002_a.ogg,13,2915;2215,2915;2215,2915;2215,2915;2215,2915;2215,2915;2215,2915;2215,2915;2215,2915;2215,2915;2215,2915;2215,1,0
scene02_003.rtb,203,1,战痕峡谷,previewmap_201,2,2,0,1,fight_002_a.ogg,13,2915;2215,2915;2215,2915;2215,2915;2215,2915;2215,2915;2215,2915;2215,2915;2215,2915;2215,2915;2215,2915;2215,1,0
scene02_004.rtb,204,1,战痕峡谷,previewmap_201,2,2,1,1,fight_002_a.ogg,13,2915;2215,2915;2215,2915;2215,2915;2215,2915;2215,2915;2215,2915;2215,2915;2215,2915;2215,2915;2215,2915;2215,1,0
scene02_005.rtb,205,1,蜀郡地牢,previewmap_204,1,1,0,0,fight_004_a.ogg,14,2915;2215,2915;2215,2915;2215,2915;2215,2915;2215,2915;2215,2915;2215,2915;2215,2915;2215,2915;2215,2915;2215,1,0
scene02_006.rtb,206,1,九宫秘境,previewmap_202,2,2,0,0,fight_006_a.ogg,15,2915;2215,2915;2215,2915;2215,2915;2215,2915;2215,2915;2215,2915;2215,2915;2215,2915;2215,2915;2215,2915;2215,1,0
scene02_007.rtb,207,1,九宫秘境,previewmap_202,2,2,1,0,fight_006_a.ogg,15,2915;2215,2915;2215,2915;2215,2915;2215,2915;2215,2915;2215,2915;2215,2915;2215,2915;2215,2915;2215,2915;2215,1,0
scene02_008.rtb,208,1,九宫秘境,previewmap_202,2,2,0,1,fight_006_a.ogg,15,2915;2215,2915;2215,2915;2215,2915;2215,2915;2215,2915;2215,2915;2215,2915;2215,2915;2215,2915;2215,2915;2215,1,0
scene02_009.rtb,209,1,九宫秘境,previewmap_202,2,2,1,1,fight_006_a.ogg,15,2915;2215,2915;2215,2915;2215,2915;2215,2915;2215,2915;2215,2915;2215,2915;2215,2915;2215,2915;2215,2915;2215,1,0
scene02_010.rtb,210,1,孤岛,previewmap_203,1,1,0,0,fight_007_a.ogg,16,2915;2215,2915;2215,2915;2215,2915;2215,2915;2215,2915;2215,2915;2215,2915;2215,2915;2215,2915;2215,2915;2215,1,0
scene03_001.rtb,500,0,镜花村,previewmap_01,1,4,0,0,fight_001_a.ogg,17,560;2590,560;2590,560;2590,560;2590,560;2590,560;2590,560;2590,560;2590,560;2590,560;2590,560;2590,1,0
scene03_002.rtb,501,0,镜花村,previewmap_01,1,4,1,0,fight_001_a.ogg,17,560;2590,560;2590,560;2590,560;2590,560;2590,560;2590,560;2590,560;2590,560;2590,560;2590,560;2590,1,0
scene03_003.rtb,502,0,镜花村,previewmap_01,1,4,2,0,fight_001_a.ogg,17,560;2590,560;2590,560;2590,560;2590,560;2590,560;2590,560;2590,560;2590,560;2590,560;2590,560;2590,1,0
scene03_004.rtb,503,0,铁峰岭,previewmap_02,1,2,0,0,fight_002_a.ogg,17,560;2590,560;2590,560;2590,560;2590,560;2590,560;2590,560;2590,560;2590,560;2590,560;2590,560;2590,1,0
scene03_005.rtb,504,0,铁峰岭,previewmap_02,1,2,1,0,fight_002_a.ogg,17,560;2590,560;2590,560;2590,560;2590,560;2590,560;2590,560;2590,560;2590,560;2590,560;2590,560;2590,1,0
,,,,,,,,,,,,,,,,,,,,,,,
scene04_060.rtb,360,0,首阳山,zfs_sys,2,2,0,1,fight_001_a.ogg,7,1415;1895,2470;2115,1850;2675,27690;-7155,27580;-8145,28070;-8520,4010;-345,4950;-495,6085;3340,6580;-2765,2860;-3345,1,0
scene04_006.rtb,306,0,首阳山,zfs_sys,2,2,0,2,fight_001_a.ogg,6,1415;1895,2470;2115,1850;2675,27690;-7155,27580;-8145,28070;-8520,4010;-345,4950;-495,6085;3340,6580;-2765,2860;-3345,1,0
scene04_007.rtb,307,0,首阳山,zfs_sys,2,2,1,1,fight_001_a.ogg,6,1415;1895,2470;2115,1850;2675,27690;-7155,27580;-8145,28070;-8520,4010;-345,4950;-495,6085;3340,6580;-2765,2860;-3345,1,0
scene04_001.rtb,301,0,首阳山,zfs_sys,2,2,1,2,fight_001_a.ogg,6,1415;1895,2470;2115,1850;2675,27690;-7155,27580;-8145,28070;-8520,4010;-345,4950;-495,6085;3340,6580;-2765,2860;-3345,1,0
scene04_002.rtb,302,0,,,,,,,fight_001_a.ogg,6,6490;-8166,6555;-7515,5715;-7865,27690;-7155,27580;-8145,28070;-8520,3400;-9130,1225;-4660,1725;-7105,4545;-11725,595;-11360,1,0
scene04_003.rtb,303,0,,,,,,,fight_001_a.ogg,6,6490;-8166,6555;-7515,5715;-7865,27690;-7155,27580;-8145,28070;-8520,3400;-9130,1225;-4660,1725;-7105,4545;-11725,595;-11360,1,0
scene04_004.rtb,304,0,,,,,,,fight_001_a.ogg,6,6490;-8166,6555;-7515,5715;-7865,27690;-7155,27580;-8145,28070;-8520,3400;-9130,1225;-4660,1725;-7105,4545;-11725,595;-11360,1,0
scene04_005.rtb,305,0,,,,,,,fight_001_a.ogg,6,6490;-8166,6555;-7515,5715;-7865,27690;-7155,27580;-8145,28070;-8520,3400;-9130,1225;-4660,1725;-7105,4545;-11725,595;-11360,1,0
scene04_008.rtb,308,0,,,,,,,fight_001_a.ogg,6,6490;-8166,6555;-7515,5715;-7865,27690;-7155,27580;-8145,28070;-8520,3400;-9130,1225;-4660,1725;-7105,4545;-11725,595;-11360,1,0
scene04_009.rtb,309,0,,,,,,,fight_001_a.ogg,6,6490;-8166,6555;-7515,5715;-7865,27690;-7155,27580;-8145,28070;-8520,3400;-9130,1225;-4660,1725;-7105,4545;-11725,595;-11360,1,0
scene04_010.rtb,310,0,,,,,,,fight_001_a.ogg,6,6490;-8166,6555;-7515,5715;-7865,27690;-7155,27580;-8145,28070;-8520,3400;-9130,1225;-4660,1725;-7105,4545;-11725,595;-11360,1,0
scene04_011.rtb,311,0,,,,,,,fight_001_a.ogg,6,6490;-8166,6555;-7515,5715;-7865,27690;-7155,27580;-8145,28070;-8520,3400;-9130,1225;-4660,1725;-7105,4545;-11725,595;-11360,1,0
scene04_012.rtb,312,0,,,,,,,fight_001_a.ogg,6,6490;-8166,6555;-7515,5715;-7865,27690;-7155,27580;-8145,28070;-8520,3400;-9130,1225;-4660,1725;-7105,4545;-11725,595;-11360,1,0
scene04_013.rtb,313,0,,,,,,,fight_001_a.ogg,6,6490;-8166,6555;-7515,5715;-7865,27690;-7155,27580;-8145,28070;-8520,3400;-9130,1225;-4660,1725;-7105,4545;-11725,595;-11360,1,0
scene04_014.rtb,314,1,,,,,,,fight_001_a.ogg,6,27690;-7155,27580;-8145,28070;-8520,27690;-7155,27580;-8145,28070;-8520,26000;-7850,24900;-11390,27030;-4790,30895;-7200,29180;-11215,1,0
scene04_015.rtb,315,1,,,,,,,fight_001_a.ogg,6,27690;-7155,27580;-8145,28070;-8520,27690;-7155,27580;-8145,28070;-8520,26000;-7850,24900;-11390,27030;-4790,30895;-7200,29180;-11215,1,0
scene04_016.rtb,316,1,,,,,,,fight_001_a.ogg,6,27690;-7155,27580;-8145,28070;-8520,27690;-7155,27580;-8145,28070;-8520,26000;-7850,24900;-11390,27030;-4790,30895;-7200,29180;-11215,1,0
scene04_017.rtb,317,1,,,,,,,fight_001_a.ogg,6,27690;-7155,27580;-8145,28070;-8520,27690;-7155,27580;-8145,28070;-8520,26000;-7850,24900;-11390,27030;-4790,30895;-7200,29180;-11215,1,0
scene04_018.rtb,318,1,,,,,,,fight_001_a.ogg,6,27690;-7155,27580;-8145,28070;-8520,27690;-7155,27580;-8145,28070;-8520,26000;-7850,24900;-11390,27030;-4790,30895;-7200,29180;-11215,1,2
scene04_019.rtb,319,1,,,,,,,fight_001_a.ogg,6,27690;-7155,27580;-8145,28070;-8520,27690;-7155,27580;-8145,28070;-8520,26000;-7850,24900;-11390,27030;-4790,30895;-7200,29180;-11215,1,2
scene04_020.rtb,320,1,,,,,,,fight_001_a.ogg,6,27690;-7155,27580;-8145,28070;-8520,27690;-7155,27580;-8145,28070;-8520,26000;-7850,24900;-11390,27030;-4790,30895;-7200,29180;-11215,0,2
scene04_021.rtb,321,1,,,,,,,fight_001_a.ogg,6,27690;-7155,27580;-8145,28070;-8520,27690;-7155,27580;-8145,28070;-8520,26000;-7850,24900;-11390,27030;-4790,30895;-7200,29180;-11215,0,2
scene04_022.rtb,322,1,,,,,,,fight_001_a.ogg,6,27690;-7155,27580;-8145,28070;-8520,27690;-7155,27580;-8145,28070;-8520,26000;-7850,24900;-11390,27030;-4790,30895;-7200,29180;-11215,0,2
scene04_023.rtb,323,1,,,,,,,fight_001_a.ogg,6,27690;-7155,27580;-8145,28070;-8520,27690;-7155,27580;-8145,28070;-8520,26000;-7850,24900;-11390,27030;-4790,30895;-7200,29180;-11215,1,1
scene04_024.rtb,324,1,,,,,,,fight_001_a.ogg,6,27690;-7155,27580;-8145,28070;-8520,27690;-7155,27580;-8145,28070;-8520,26000;-7850,24900;-11390,27030;-4790,30895;-7200,29180;-11215,1,1
scene04_025.rtb,325,2,,,,,,,fight_001_a.ogg,6,54520;-9345,54485;-8380,53855;-8830,27690;-7155,27580;-8145,28070;-8520,51940;-7435,48740;-10985,52815;-4940,48750;-4635,48755;-8470,1,1
scene04_026.rtb,326,2,,,,,,,fight_001_a.ogg,6,54520;-9345,54485;-8380,53855;-8830,27690;-7155,27580;-8145,28070;-8520,51940;-7435,48740;-10985,52815;-4940,48750;-4635,48755;-8470,1,1
scene04_027.rtb,327,2,,,,,,,fight_001_a.ogg,6,54520;-9345,54485;-8380,53855;-8830,27690;-7155,27580;-8145,28070;-8520,51940;-7435,48740;-10985,52815;-4940,48750;-4635,48755;-8470,1,1
scene04_028.rtb,328,2,,,,,,,fight_001_a.ogg,6,54520;-9345,54485;-8380,53855;-8830,27690;-7155,27580;-8145,28070;-8520,51940;-7435,48740;-10985,52815;-4940,48750;-4635,48755;-8470,1,1
scene04_029.rtb,329,2,,,,,,,fight_001_a.ogg,6,54520;-9345,54485;-8380,53855;-8830,27690;-7155,27580;-8145,28070;-8520,51940;-7435,48740;-10985,52815;-4940,48750;-4635,48755;-8470,1,1
scene04_030.rtb,330,2,,,,,,,fight_001_a.ogg,6,54520;-9345,54485;-8380,53855;-8830,27690;-7155,27580;-8145,28070;-8520,51940;-7435,48740;-10985,52815;-4940,48750;-4635,48755;-8470,1,1
scene04_031.rtb,331,2,,,,,,,fight_001_a.ogg,6,48715;-16935,49405;-16935,49875;-17010,27690;-7155,27580;-8145,28070;-8520,49189;-19310,55280;-18560,50570;-13685,52525;-12825,52865;-18905,1,1
scene04_032.rtb,332,2,,,,,,,fight_001_a.ogg,6,48715;-16935,49405;-16935,49875;-17010,27690;-7155,27580;-8145,28070;-8520,49189;-19310,55280;-18560,50570;-13685,52525;-12825,52865;-18905,1,1
scene04_033.rtb,333,2,,,,,,,fight_001_a.ogg,6,48715;-16935,49405;-16935,49875;-17010,27690;-7155,27580;-8145,28070;-8520,49189;-19310,55280;-18560,50570;-13685,52525;-12825,52865;-18905,1,1
scene04_034.rtb,334,2,,,,,,,fight_001_a.ogg,6,48715;-16935,49405;-16935,49875;-17010,27690;-7155,27580;-8145,28070;-8520,49189;-19310,55280;-18560,50570;-13685,52525;-12825,52865;-18905,1,1
scene04_035.rtb,335,2,,,,,,,fight_001_a.ogg,6,54520;-9345,54485;-8380,53855;-8830,27690;-7155,27580;-8145,28070;-8520,51940;-7435,48740;-10985,52815;-4940,48750;-4635,48755;-8470,1,1
scene04_036.rtb,336,2,,,,,,,fight_001_a.ogg,6,54520;-9345,54485;-8380,53855;-8830,27690;-7155,27580;-8145,28070;-8520,51940;-7435,48740;-10985,52815;-4940,48750;-4635,48755;-8470,1,1
scene04_037.rtb,337,2,,,,,,,fight_001_a.ogg,6,54520;-9345,54485;-8380,53855;-8830,27690;-7155,27580;-8145,28070;-8520,51940;-7435,48740;-10985,52815;-4940,48750;-4635,48755;-8470,1,1
scene04_038.rtb,338,2,,,,,,,fight_001_a.ogg,6,54520;-9345,54485;-8380,53855;-8830,27690;-7155,27580;-8145,28070;-8520,51940;-7435,48740;-10985,52815;-4940,48750;-4635,48755;-8470,1,1
scene04_039.rtb,339,2,,,,,,,fight_001_a.ogg,6,54520;-9345,54485;-8380,53855;-8830,27690;-7155,27580;-8145,28070;-8520,51940;-7435,48740;-10985,52815;-4940,48750;-4635,48755;-8470,1,1
scene04_040.rtb,340,2,,,,,,,fight_001_a.ogg,6,54520;-9345,54485;-8380,53855;-8830,27690;-7155,27580;-8145,28070;-8520,51940;-7435,48740;-10985,52815;-4940,48750;-4635,48755;-8470,1,1
scene04_041.rtb,341,1,,,,,,,fight_001_a.ogg,6,27690;-7155,27580;-8145,28070;-8520,27690;-7155,27580;-8145,28070;-8520,26000;-7850,24900;-11390,27030;-4790,30895;-7200,29180;-11215,1,1
scene04_042.rtb,342,1,,,,,,,fight_001_a.ogg,6,27690;-7155,27580;-8145,28070;-8520,27690;-7155,27580;-8145,28070;-8520,26000;-7850,24900;-11390,27030;-4790,30895;-7200,29180;-11215,1,1
scene04_043.rtb,343,1,,,,,,,fight_001_a.ogg,6,27690;-7155,27580;-8145,28070;-8520,27690;-7155,27580;-8145,28070;-8520,26000;-7850,24900;-11390,27030;-4790,30895;-7200,29180;-11215,1,2
scene04_044.rtb,344,1,,,,,,,fight_001_a.ogg,6,27690;-7155,27580;-8145,28070;-8520,27690;-7155,27580;-8145,28070;-8520,26000;-7850,24900;-11390,27030;-4790,30895;-7200,29180;-11215,1,2
scene04_045.rtb,345,0,,,,,,,fight_001_a.ogg,6,6490;-8166,6555;-7515,5715;-7865,27690;-7155,27580;-8145,28070;-8520,3400;-9130,1225;-4660,1725;-7105,4545;-11725,595;-11360,1,0
scene04_046.rtb,346,0,,,,,,,fight_001_a.ogg,6,6490;-8166,6555;-7515,5715;-7865,27690;-7155,27580;-8145,28070;-8520,3400;-9130,1225;-4660,1725;-7105,4545;-11725,595;-11360,1,0
scene04_047.rtb,347,1,,,,,,,fight_001_a.ogg,6,27690;-7155,27580;-8145,28070;-8520,27690;-7155,27580;-8145,28070;-8520,26000;-7850,24900;-11390,27030;-4790,30895;-7200,29180;-11215,0,2
scene04_048.rtb,348,1,,,,,,,fight_001_a.ogg,6,27690;-7155,27580;-8145,28070;-8520,27690;-7155,27580;-8145,28070;-8520,26000;-7850,24900;-11390,27030;-4790,30895;-7200,29180;-11215,0,2
scene04_049.rtb,349,1,,,,,,,fight_001_a.ogg,6,27690;-7155,27580;-8145,28070;-8520,27690;-7155,27580;-8145,28070;-8520,26000;-7850,24900;-11390,27030;-4790,30895;-7200,29180;-11215,0,2
scene04_050.rtb,350,1,,,,,,,fight_001_a.ogg,6,27690;-7155,27580;-8145,28070;-8520,27690;-7155,27580;-8145,28070;-8520,26000;-7850,24900;-11390,27030;-4790,30895;-7200,29180;-11215,0,2
scene04_051.rtb,351,1,,,,,,,fight_001_a.ogg,6,27690;-7155,27580;-8145,28070;-8520,27690;-7155,27580;-8145,28070;-8520,26000;-7850,24900;-11390,27030;-4790,30895;-7200,29180;-11215,0,2
scene04_052.rtb,352,1,,,,,,,fight_001_a.ogg,6,27690;-7155,27580;-8145,28070;-8520,27690;-7155,27580;-8145,28070;-8520,26000;-7850,24900;-11390,27030;-4790,30895;-7200,29180;-11215,0,2
scene04_053.rtb,353,1,,,,,,,fight_001_a.ogg,6,27690;-7155,27580;-8145,28070;-8520,27690;-7155,27580;-8145,28070;-8520,26000;-7850,24900;-11390,27030;-4790,30895;-7200,29180;-11215,0,2
scene04_054.rtb,354,1,,,,,,,fight_001_a.ogg,6,27690;-7155,27580;-8145,28070;-8520,27690;-7155,27580;-8145,28070;-8520,26000;-7850,24900;-11390,27030;-4790,30895;-7200,29180;-11215,0,2
scene04_055.rtb,355,1,,,,,,,fight_001_a.ogg,6,27690;-7155,27580;-8145,28070;-8520,27690;-7155,27580;-8145,28070;-8520,26000;-7850,24900;-11390,27030;-4790,30895;-7200,29180;-11215,0,2
scene04_056.rtb,356,1,,,,,,,fight_001_a.ogg,6,27690;-7155,27580;-8145,28070;-8520,27690;-7155,27580;-8145,28070;-8520,26000;-7850,24900;-11390,27030;-4790,30895;-7200,29180;-11215,0,2
scene04_057.rtb,357,1,,,,,,,fight_001_a.ogg,6,27690;-7155,27580;-8145,28070;-8520,27690;-7155,27580;-8145,28070;-8520,26000;-7850,24900;-11390,27030;-4790,30895;-7200,29180;-11215,0,2
scene04_058.rtb,358,1,,,,,,,fight_001_a.ogg,6,27690;-7155,27580;-8145,28070;-8520,27690;-7155,27580;-8145,28070;-8520,26000;-7850,24900;-11390,27030;-4790,30895;-7200,29180;-11215,0,2
scene04_059.rtb,359,1,,,,,,,fight_001_a.ogg,6,27690;-7155,27580;-8145,28070;-8520,27690;-7155,27580;-8145,28070;-8520,26000;-7850,24900;-11390,27030;-4790,30895;-7200,29180;-11215,0,2
scene04_061.rtb,361,4,,,,,,,fight_001_a.ogg,6,27690;-7155,27580;-8145,28070;-8520,27690;-7155,27580;-8145,28070;-8520,26000;-7850,24900;-11390,27030;-4790,30895;-7200,29180;-11215,,
scene04_062.rtb,362,4,,,,,,,fight_001_a.ogg,6,27690;-7155,27580;-8145,28070;-8520,27690;-7155,27580;-8145,28070;-8520,26000;-7850,24900;-11390,27030;-4790,30895;-7200,29180;-11215,,
scene04_063.rtb,363,4,,,,,,,fight_001_a.ogg,6,27690;-7155,27580;-8145,28070;-8520,27690;-7155,27580;-8145,28070;-8520,26000;-7850,24900;-11390,27030;-4790,30895;-7200,29180;-11215,,
scene04_064.rtb,364,4,,,,,,,fight_001_a.ogg,6,27690;-7155,27580;-8145,28070;-8520,27690;-7155,27580;-8145,28070;-8520,26000;-7850,24900;-11390,27030;-4790,30895;-7200,29180;-11215,,
scene04_065.rtb,365,4,,,,,,,fight_001_a.ogg,6,27690;-7155,27580;-8145,28070;-8520,27690;-7155,27580;-8145,28070;-8520,26000;-7850,24900;-11390,27030;-4790,30895;-7200,29180;-11215,,
scene04_066.rtb,366,4,,,,,,,fight_001_a.ogg,6,27690;-7155,27580;-8145,28070;-8520,27690;-7155,27580;-8145,28070;-8520,26000;-7850,24900;-11390,27030;-4790,30895;-7200,29180;-11215,,
scene04_067.rtb,367,4,,,,,,,fight_001_a.ogg,6,27690;-7155,27580;-8145,28070;-8520,27690;-7155,27580;-8145,28070;-8520,26000;-7850,24900;-11390,27030;-4790,30895;-7200,29180;-11215,,
scene04_068.rtb,368,4,,,,,,,fight_001_a.ogg,6,27690;-7155,27580;-8145,28070;-8520,27690;-7155,27580;-8145,28070;-8520,26000;-7850,24900;-11390,27030;-4790,30895;-7200,29180;-11215,,
scene04_069.rtb,369,4,,,,,,,fight_001_a.ogg,6,27690;-7155,27580;-8145,28070;-8520,27690;-7155,27580;-8145,28070;-8520,26000;-7850,24900;-11390,27030;-4790,30895;-7200,29180;-11215,,
scene04_070.rtb,370,4,,,,,,,fight_001_a.ogg,6,27690;-7155,27580;-8145,28070;-8520,27690;-7155,27580;-8145,28070;-8520,26000;-7850,24900;-11390,27030;-4790,30895;-7200,29180;-11215,,
scene04_071.rtb,371,4,,,,,,,fight_001_a.ogg,6,27690;-7155,27580;-8145,28070;-8520,27690;-7155,27580;-8145,28070;-8520,26000;-7850,24900;-11390,27030;-4790,30895;-7200,29180;-11215,,
scene04_072.rtb,372,4,,,,,,,fight_001_a.ogg,6,27690;-7155,27580;-8145,28070;-8520,27690;-7155,27580;-8145,28070;-8520,26000;-7850,24900;-11390,27030;-4790,30895;-7200,29180;-11215,,
scene04_073.rtb,373,4,,,,,,,fight_001_a.ogg,6,27690;-7155,27580;-8145,28070;-8520,27690;-7155,27580;-8145,28070;-8520,26000;-7850,24900;-11390,27030;-4790,30895;-7200,29180;-11215,,
scene04_074.rtb,374,4,,,,,,,fight_001_a.ogg,6,27690;-7155,27580;-8145,28070;-8520,27690;-7155,27580;-8145,28070;-8520,26000;-7850,24900;-11390,27030;-4790,30895;-7200,29180;-11215,,
scene04_075.rtb,375,4,,,,,,,fight_001_a.ogg,6,27690;-7155,27580;-8145,28070;-8520,27690;-7155,27580;-8145,28070;-8520,26000;-7850,24900;-11390,27030;-4790,30895;-7200,29180;-11215,,
scene04_076.rtb,376,4,,,,,,,fight_001_a.ogg,6,27690;-7155,27580;-8145,28070;-8520,27690;-7155,27580;-8145,28070;-8520,26000;-7850,24900;-11390,27030;-4790,30895;-7200,29180;-11215,,
scene04_077.rtb,377,4,,,,,,,fight_001_a.ogg,6,27690;-7155,27580;-8145,28070;-8520,27690;-7155,27580;-8145,28070;-8520,26000;-7850,24900;-11390,27030;-4790,30895;-7200,29180;-11215,,
scene04_078.rtb,378,4,,,,,,,fight_001_a.ogg,6,27690;-7155,27580;-8145,28070;-8520,27690;-7155,27580;-8145,28070;-8520,26000;-7850,24900;-11390,27030;-4790,30895;-7200,29180;-11215,,
scene04_079.rtb,379,4,,,,,,,fight_001_a.ogg,6,27690;-7155,27580;-8145,28070;-8520,27690;-7155,27580;-8145,28070;-8520,26000;-7850,24900;-11390,27030;-4790,30895;-7200,29180;-11215,,
scene04_080.rtb,380,4,,,,,,,fight_001_a.ogg,6,27690;-7155,27580;-8145,28070;-8520,27690;-7155,27580;-8145,28070;-8520,26000;-7850,24900;-11390,27030;-4790,30895;-7200,29180;-11215,,
scene04_081.rtb,381,4,,,,,,,fight_001_a.ogg,6,1415;1895,2470;2115,1850;2675,48715;-16935,49405;-16935,49875;-17010,26000;-7850,24900;-11390,27030;-4790,30895;-7200,29180;-11215,1,0
scene04_082.rtb,382,4,,,,,,,fight_001_a.ogg,6,1415;1895,2470;2115,1850;2675,48715;-16935,49405;-16935,49875;-17010,26000;-7850,24900;-11390,27030;-4790,30895;-7200,29180;-11215,1,0
scene04_083.rtb,383,4,,,,,,,fight_001_a.ogg,6,1415;1895,2470;2115,1850;2675,48715;-16935,49405;-16935,49875;-17010,26000;-7850,24900;-11390,27030;-4790,30895;-7200,29180;-11215,1,0
scene04_084.rtb,384,4,,,,,,,fight_001_a.ogg,6,1415;1895,2470;2115,1850;2675,48715;-16935,49405;-16935,49875;-17010,26000;-7850,24900;-11390,27030;-4790,30895;-7200,29180;-11215,1,0
scene04_085.rtb,385,4,,,,,,,fight_001_a.ogg,6,6490;-8166,6555;-7515,5715;-7865,54520;-9345,54485;-8380,53855;-8830,3400;-9130,1225;-4660,1725;-7105,4545;-11725,595;-11360,1,0
scene04_086.rtb,386,4,,,,,,,fight_001_a.ogg,6,6490;-8166,6555;-7515,5715;-7865,54520;-9345,54485;-8380,53855;-8830,3400;-9130,1225;-4660,1725;-7105,4545;-11725,595;-11360,1,0
scene04_087.rtb,387,4,,,,,,,fight_001_a.ogg,6,6490;-8166,6555;-7515,5715;-7865,54520;-9345,54485;-8380,53855;-8830,3400;-9130,1225;-4660,1725;-7105,4545;-11725,595;-11360,1,0
scene04_088.rtb,388,4,,,,,,,fight_001_a.ogg,6,6490;-8166,6555;-7515,5715;-7865,54520;-9345,54485;-8380,53855;-8830,3400;-9130,1225;-4660,1725;-7105,4545;-11725,595;-11360,1,0
scene04_089.rtb,389,4,,,,,,,fight_001_a.ogg,6,27690;-7155,27580;-8145,28070;-8520,27690;-7155,27580;-8145,28070;-8520,26000;-7850,24900;-11390,27030;-4790,30895;-7200,29180;-11215,1,0
scene04_090.rtb,390,4,,,,,,,fight_001_a.ogg,6,27690;-7155,27580;-8145,28070;-8520,27690;-7155,27580;-8145,28070;-8520,26000;-7850,24900;-11390,27030;-4790,30895;-7200,29180;-11215,1,0
scene04_091.rtb,391,4,,,,,,,fight_001_a.ogg,6,27690;-7155,27580;-8145,28070;-8520,27690;-7155,27580;-8145,28070;-8520,26000;-7850,24900;-11390,27030;-4790,30895;-7200,29180;-11215,1,0
scene04_092.rtb,392,4,,,,,,,fight_001_a.ogg,6,27690;-7155,27580;-8145,28070;-8520,27690;-7155,27580;-8145,28070;-8520,26000;-7850,24900;-11390,27030;-4790,30895;-7200,29180;-11215,1,0
scene04_093.rtb,393,4,,,,,,,fight_001_a.ogg,6,27690;-7155,27580;-8145,28070;-8520,27690;-7155,27580;-8145,28070;-8520,26000;-7850,24900;-11390,27030;-4790,30895;-7200,29180;-11215,1,0
scene04_094.rtb,394,4,,,,,,,fight_001_a.ogg,6,27690;-7155,27580;-8145,28070;-8520,27690;-7155,27580;-8145,28070;-8520,26000;-7850,24900;-11390,27030;-4790,30895;-7200,29180;-11215,1,0
scene04_095.rtb,395,4,,,,,,,fight_001_a.ogg,6,27690;-7155,27580;-8145,28070;-8520,27690;-7155,27580;-8145,28070;-8520,26000;-7850,24900;-11390,27030;-4790,30895;-7200,29180;-11215,1,0
scene04_096.rtb,396,4,,,,,,,fight_001_a.ogg,6,27690;-7155,27580;-8145,28070;-8520,27690;-7155,27580;-8145,28070;-8520,26000;-7850,24900;-11390,27030;-4790,30895;-7200,29180;-11215,1,0
scene04_097.rtb,397,4,,,,,,,fight_001_a.ogg,6,1415;1895,2470;2115,1850;2675,27690;-7155,27580;-8145,28070;-8520,4010;-345,4950;-495,6085;3340,6580;-2765,2860;-3345,1,0
scene04_098.rtb,398,4,,,,,,,fight_001_a.ogg,6,1415;1895,2470;2115,1850;2675,27690;-7155,27580;-8145,28070;-8520,4010;-345,4950;-495,6085;3340,6580;-2765,2860;-3345,1,0
scene04_099.rtb,399,4,,,,,,,fight_001_a.ogg,6,1415;1895,2470;2115,1850;2675,27690;-7155,27580;-8145,28070;-8520,4010;-345,4950;-495,6085;3340,6580;-2765,2860;-3345,1,0
scene04_100.rtb,400,4,,,,,,,fight_001_a.ogg,6,1415;1895,2470;2115,1850;2675,27690;-7155,27580;-8145,28070;-8520,4010;-345,4950;-495,6085;3340,6580;-2765,2860;-3345,1,0
scene04_101.rtb,401,4,,,,,,,fight_001_a.ogg,6,48715;-16935,49405;-16935,49875;-17010,27690;-7155,27580;-8145,28070;-8520,49189;-19310,55280;-18560,50570;-13685,52525;-12825,52865;-18905,1,1
scene04_102.rtb,402,4,,,,,,,fight_001_a.ogg,6,48715;-16935,49405;-16935,49875;-17010,27690;-7155,27580;-8145,28070;-8520,49189;-19310,55280;-18560,50570;-13685,52525;-12825,52865;-18905,1,1
scene04_103.rtb,403,4,,,,,,,fight_001_a.ogg,6,48715;-16935,49405;-16935,49875;-17010,27690;-7155,27580;-8145,28070;-8520,49189;-19310,55280;-18560,50570;-13685,52525;-12825,52865;-18905,1,1
scene04_104.rtb,404,4,,,,,,,fight_001_a.ogg,6,48715;-16935,49405;-16935,49875;-17010,27690;-7155,27580;-8145,28070;-8520,49189;-19310,55280;-18560,50570;-13685,52525;-12825,52865;-18905,1,1
scene04_110.rtb,405,4,,,,,,,fight_001_a.ogg,6,1415;1895,2470;2115,1850;2675,27690;-7155,27580;-8145,28070;-8520,4010;-345,4950;-495,6085;3340,6580;-2765,2860;-3345,1,0
scene04_111.rtb,406,4,,,,,,,fight_001_a.ogg,6,1415;1895,2470;2115,1850;2675,27690;-7155,27580;-8145,28070;-8520,4010;-345,4950;-495,6085;3340,6580;-2765,2860;-3345,1,0
scene04_112.rtb,407,4,,,,,,,fight_001_a.ogg,6,1415;1895,2470;2115,1850;2675,27690;-7155,27580;-8145,28070;-8520,4010;-345,4950;-495,6085;3340,6580;-2765,2860;-3345,1,0
scene04_113.rtb,408,4,,,,,,,fight_001_a.ogg,6,1415;1895,2470;2115,1850;2675,27690;-7155,27580;-8145,28070;-8520,4010;-345,4950;-495,6085;3340,6580;-2765,2860;-3345,1,0
scene04_109.rtb,409,4,,,,,,,fight_001_a.ogg,6,48715;-16935,49405;-16935,49875;-17010,27690;-7155,27580;-8145,28070;-8520,49189;-19310,55280;-18560,50570;-13685,52525;-12825,52865;-18905,1,1
scene04_114.rtb,410,4,,,,,,,fight_001_a.ogg,6,48715;-16935,49405;-16935,49875;-17010,27690;-7155,27580;-8145,28070;-8520,49189;-19310,55280;-18560,50570;-13685,52525;-12825,52865;-18905,1,1
scene04_115.rtb,411,4,,,,,,,fight_001_a.ogg,6,48715;-16935,49405;-16935,49875;-17010,27690;-7155,27580;-8145,28070;-8520,49189;-19310,55280;-18560,50570;-13685,52525;-12825,52865;-18905,1,1
scene04_116.rtb,412,4,,,,,,,fight_001_a.ogg,6,48715;-16935,49405;-16935,49875;-17010,27690;-7155,27580;-8145,28070;-8520,49189;-19310,55280;-18560,50570;-13685,52525;-12825,52865;-18905,1,1
scene04_105.rtb,413,4,,,,,,,fight_001_a.ogg,6,27690;-7155,27580;-8145,28070;-8520,27690;-7155,27580;-8145,28070;-8520,26000;-7850,24900;-11390,27030;-4790,30895;-7200,29180;-11215,1,2
scene04_106.rtb,414,4,,,,,,,fight_001_a.ogg,6,27690;-7155,27580;-8145,28070;-8520,27690;-7155,27580;-8145,28070;-8520,26000;-7850,24900;-11390,27030;-4790,30895;-7200,29180;-11215,1,2
scene04_107.rtb,415,4,,,,,,,fight_001_a.ogg,6,27690;-7155,27580;-8145,28070;-8520,27690;-7155,27580;-8145,28070;-8520,26000;-7850,24900;-11390,27030;-4790,30895;-7200,29180;-11215,1,2
scene04_108.rtb,416,4,,,,,,,fight_001_a.ogg,6,27690;-7155,27580;-8145,28070;-8520,27690;-7155,27580;-8145,28070;-8520,26000;-7850,24900;-11390,27030;-4790,30895;-7200,29180;-11215,1,2
scene04_117.rtb,417,1,,,,,,,fight_001_a.ogg,6,27690;-7155,27580;-8145,28070;-8520,27690;-7155,27580;-8145,28070;-8520,26000;-7850,24900;-11390,27030;-4790,30895;-7200,29180;-11215,0,2
scene04_119.rtb,418,1,,,,,,,fight_001_a.ogg,6,27690;-7155,27580;-8145,28070;-8520,27690;-7155,27580;-8145,28070;-8520,26000;-7850,24900;-11390,27030;-4790,30895;-7200,29180;-11215,1,2
scene04_120.rtb,419,1,,,,,,,fight_001_a.ogg,6,27690;-7155,27580;-8145,28070;-8520,27690;-7155,27580;-8145,28070;-8520,26000;-7850,24900;-11390,27030;-4790,30895;-7200,29180;-11215,1,2
scene04_121.rtb,420,1,,,,,,,fight_001_a.ogg,6,27690;-7155,27580;-8145,28070;-8520,27690;-7155,27580;-8145,28070;-8520,26000;-7850,24900;-11390,27030;-4790,30895;-7200,29180;-11215,1,2
scene04_122.rtb,421,1,,,,,,,fight_001_a.ogg,6,27690;-7155,27580;-8145,28070;-8520,27690;-7155,27580;-8145,28070;-8520,26000;-7850,24900;-11390,27030;-4790,30895;-7200,29180;-11215,1,2
