,主场景为0，其他参照fblist.csv,,主场景忽略难度值,,,填0等于没填,
ID,所属场景ID,npcID,难度,坐标,朝向,启用,
1,0,1371,,"54000,-27600,0",252,1,领经验
2,0,1371,,"54000,-24500,0",62,1,领经验
3,0,604,,"1830,2230,0",122,1,宋异人
4,0,1366,,"49780,-26480,0",122,1,天牢蜍精
5,0,1391,,"27980,-7460,0",252,0,活动NPC
6,0,1391,,"55040,-7800,0",62,0,活动NPC
7,0,1391,,"49080,-17220,0",196,0,活动NPC
8,0,1391,,"1940,2300,0",62,0,活动NPC
9,0,1391,,"7200,-6780,0",300,0,活动NPC
10,0,1380,,"27770,-8700,0",252,0,封神蜍精
11,0,1380,,"53110,-7640,0",62,0,封神蜍精
12,0,1380,,"49380,-17340,0",196,0,封神蜍精
13,0,1380,,"1640,2280,0",62,0,封神蜍精
14,0,1380,,"5170,-6840,0",300,0,封神蜍精
15,0,1370,,"27720,-8700,0",252,1,精练师
16,0,1370,,"53040,-7640,0",62,1,精练师
17,0,1370,,"48780,-16620,0",62,1,精练师
18,0,1370,,"1920,2720,0",196,1,精练师
19,0,1370,,"5100,-6840,0",300,1,精练师
20,0,1372,,"27620,-8680,0",252,1,法宝精练师
21,0,1372,,"53060,-7700,0",62,1,法宝精练师
22,0,1372,,"48880,-16620,0",62,1,法宝精练师
23,0,1372,,"1920,2660,0",196,1,法宝精练师
24,0,1372,,"5100,-6940,0",300,1,法宝精练师
25,0,1360,,"28200,-6740,0",122,0,转职NPC
26,0,1361,,"28200,-6820,0",122,0,转职NPC
27,0,1362,,"28200,-6900,0",122,0,转职NPC
28,0,1362,,"28200,-6900,0",122,0,转职NPC
29,0,1363,,"-16000,16000,0",62,0,柏鉴
30,0,1371,,"2060,2260,0",122,0,测试号领奖励
31,0,1371,,"49020,-17180,0",62,0,测试号领奖励
32,0,1393,,"2000,2200,0",122,0,测试号领+10奖励
33,0,1393,,"48960,-17120,0",62,0,测试号领+10奖励
34,0,1392,,"2120,2220,0",122,0,新手卡领装备员
35,0,1392,,"49080,-17240,0",62,0,新手卡领装备员
36,0,1367,,"30000,8160,0",122,1,战场传送周
37,0,1367,,"6320,-7800,0",122,1,战场传送周
38,0,1367,,"28240,-7660,0",122,1,战场传送周
39,0,1368,,"25800,-24000,0",122,1,战场传送商
40,0,1368,,"54600,-8980,0",122,1,战场传送商
41,0,1368,,"27360,-7720,0",122,1,战场传送商
42,0,659,,"1800,2200,0",122,1,传送蜍精
43,0,605,,"5107,-6910,0",136,1,宋异仙
44,0,606,,"27669,-8715,0",190,1,宋异真
45,0,607,,"49050,-17129,0",108,1,宋异祖
46,0,661,,"49020,-17100,0",108,1,传送蜍精
47,0,608,,"52988,-7688,0",40,1,宋异魔
48,0,1314,,"1590,2811,0",62,1,超真宝蜍精
49,0,1314,,"49060,-16620,0",64,1,超真宝蜍精
50,0,1314,,"6460,-8080,0",196,1,超真宝蜍精
51,0,1314,,"54660,-9220,0",196,1,超真宝蜍精
52,0,609,,"1550,2811,0",62,1,普贤真人
53,0,610,,"7332,-8930,0",192,1,太乙真人
54,0,611,,"27669,-6902,0",62,1,黄龙真人
55,0,612,,"55205,-9771,0",198,1,多宝道人
56,0,613,,"48569,-16870,0",128,1,罗宣
57,0,614,,"27430,-6902,0",126,1,火灵圣母
58,0,615,,"28050,-8630,0",252,1,龙吉公主
59,0,1364,,"28100,-8630,0",252,1,若来蜍精IN
60,0,1365,,"-15400,15100,0",252,1,若来蜍精OUT
61,0,616,,"929,1630,0",1,1,孙红
62,0,617,,"7333,-6910,0",192,1,彩云仙
63,0,618,,"50430,-16830,0",65,1,菡芝仙
64,0,619,,"55118,-7949,0",64,1,邓秀
65,0,620,,"2950,2370,0",64,1,金吒
66,0,621,,"5129,-8870,0",0,1,木吒
67,0,622,,"49155,-16800,0",64,1,殷洪
68,0,623,,"53105,-9870,0",0,1,殷郊
69,0,624,,"27989,-6820,0",62,1,赤精子
70,0,1314,,"27929,-6820,0",62,1,超真宝蜍精
71,0,1314,,"17000,2180,0",62,0,超真宝蜍精
72,0,1314,,"7300,-6800,0",62,1,超真宝蜍精
73,0,1314,,"48940,-17100,0",62,0,超真宝蜍精
74,0,1314,,"55180,-7820,0",62,1,超真宝蜍精
75,0,625,,"50409,-18170,0",128,1,龙门洞守卫右
76,0,625,,"50450,-18110,0",0,1,龙门洞守卫左
77,0,626,,"54070,-6910,0",191,1,朝歌城东门矮守卫
78,0,627,,"52191,-8930,0",64,1,朝歌城南门矮守卫
79,0,628,,"54070,-10769,0",62,1,朝歌城西门矮守卫
80,0,629,,"54230,-6940,0",251,1,朝歌城东门高守卫
81,0,630,,"52171,-8730,0",192,1,朝歌城南门高守卫
82,0,631,,"54209,-10789,0",62,1,朝歌城西门高守卫
83,0,632,,"42230,-3110,0",64,1,临潼关南门矮守卫
84,0,633,,"45309,-3269,0",4,1,临潼关北门矮守卫
85,0,634,,"42231,-3270,0",64,1,临潼关南门高守卫
86,0,635,,"45329,-3090,0",128,1,临潼关北门高守卫
87,0,636,,"35150,-6810,0",254,1,潼关西门矮守卫
88,0,637,,"37476,-8890,0",128,1,潼关北门矮守卫
89,0,638,,"35289,-6814,0",190,1,潼关西门高守卫
90,0,639,,"37450,-9065,0",128,1,潼关北门高守卫
91,0,640,,"26690,-7629,0",64,1,穿云关南门矮守卫
92,0,641,,"28909,-7610,0",128,1,穿云关北门高守卫
93,0,642,,"26692,-7810,0",64,1,穿云关南门胖守卫
94,0,643,,"28909,-7810,0",0,1,穿云关北门瘦守卫
95,0,644,,"17770,-9450,0",64,1,界牌关南门胖守卫
96,0,645,,"19150,-5930,0",255,1,界牌关西门胖守卫
97,0,646,,"17765,-9300,0",64,1,界牌关南门瘦守卫
98,0,647,,"19330,-5930,0",254,1,界牌关西门瘦守卫
99,0,648,,"10570,-11650,0",64,1,汜水关南门胖守卫
100,0,649,,"13866,-11670,0",128,1,汜水关北门胖守卫
101,0,650,,"10570,-11850,0",64,1,汜水关南门瘦守卫
102,0,651,,"13869,-11850,0",128,1,汜水关北门瘦守卫
103,0,652,,"6269,-5953,0",190,1,西歧城西门胖守卫
104,0,653,,"4230,-7830,0",64,1,西歧城南门胖守卫
105,0,654,,"6250,-9847,0",63,1,西歧城东门胖守卫
106,0,655,,"6090,-5950,0",254,1,西歧城西门瘦守卫
107,0,656,,"4250,-7970,0",64,1,西歧城南门瘦守卫
108,0,657,,"6109,-9827,0",62,1,西歧城东门瘦守卫
109,0,658,,"2110,-89,0",63,1,首阳山守卫左
110,0,658,,"1950,-89,0",127,1,首阳山守卫右
111,0,659,,"849,1730,0",128,1,蜍精首阳山
112,0,660,,"7350,-6950,0",64,1,西歧彩云仙蜍精
113,0,661,,"50450,-16870,0",194,1,蜍精龙门洞
114,0,662,,"55170,-7990,0",64,1,朝歌邓秀蜍精
115,0,671,,"12550,-10446,0",63,1,蜍精汜水关
116,0,672,,"18752,-9427,0",67,1,蜍精界牌关
117,0,673,,"44230,-2469,0",126,1,蜍精临潼关
118,0,674,,"36563,-9227,0",21,1,蜍精潼关
119,0,969,,"27870,-7571,0",248,1,蜍精穿云（商）
120,0,970,,"27950,-7550,0",235,1,蜍精穿云（周）
121,0,666,,"870,-15330,0",0,1,金鸡岭石矶娘娘
122,0,665,,"52695,3345,0",44,1,陈塘彻地夫人
123,0,664,,"43229,-4073,0",190,1,临潼关张凤
124,0,663,,"12179,-11029,0",43,1,汜水关韩荣
125,0,670,,"54470,-8850,0",64,1,朝歌通天教主
126,0,669,,"6130,-7910,0",64,1,西歧元始天尊
127,0,1368,,"54500,-8850,0",64,0,战场传送商
128,0,1367,,"6170,-7910,0",64,0,战场传送周
129,0,757,,"3151,2791,0",107,1,首阳山太虚传送
130,0,758,,"3410,-7888,0",126,1,西歧太虚传送
131,0,759,,"26491,-7997,0",94,1,穿云太虚传送
132,0,760,,"48648,-16648,0",46,1,龙门太虚传送
133,0,761,,"52170,-7589,0",120,1,朝歌太虚传送
134,0,825,,"26531,-8008,0",108,1,穿云太虚传送2
135,0,759,,"29050,-8088,0",2,1,穿云太虚传送
136,0,825,,"28990,-8169,0",1,1,穿云太虚传送2
137,0,762,,"52045,-47990,0",107,1,太虚幻境仙子1
138,0,763,,"40000,-48050,0",107,1,太虚幻境仙子2
139,0,763,,"28000,-48000,0",107,1,太虚幻境仙子3
140,0,826,,"63895,-48107,0",91,1,太虚幻境仙子4
141,0,820,,"51835,-47720,0",107,1,太虚蜍精（周初级）
142,0,821,,"52245,-48170,0",107,1,太虚蜍精（商初级）
143,0,822,,"40000,-47585,0",107,1,太虚蜍精（周中级）
144,0,823,,"39990,-48465,0",107,1,太虚蜍精（商中级）
145,0,824,,"27972,-47949,0",107,1,太虚蜍精（高级）
146,0,827,,"63870,-48050,0",106,1,太虚蜍精（最高级）
147,0,933,,"7332,-8648,0",99,1,梦境蜍精（点卡）[364
148,0,934,,"27769,-6732,0",62,1,梦境蜍精（点卡）[1388
149,0,935,,"55232,-9617,0",115,1,梦境蜍精（点卡）[2761
150,0,936,,"1970,3011,0",109,1,梦境蜍精（点卡）[98
151,0,937,,"49890,-16450,0",126,1,梦境蜍精（点卡）[2494
152,0,938,,"50012,-16968,0",94,1,夫子蜍精[2500
153,0,939,,"2330,1947,0",253,1,夫子蜍精[116
154,0,940,,"1711,2376,0",125,0,点卡公证员[85
155,0,941,,"49399,-17250,0",196,0,点卡公证员[2469
156,0,940,,"6471,-7711,0",236,0,点卡公证员[323
157,0,941,,"54209,-8469,0",44,0,点卡公证员[2710
158,0,940,,"27650,-7570,0",170,0,点卡公证员[1382
159,0,1093,,"5490,-6607,0",110,1,师傅登记管理员[274
160,0,1093,,"2446,1964,0",245,1,师傅登记管理员[122
161,0,1093,,"27890,-8787,0",254,1,师傅登记管理员[1394
162,0,1092,,"53530,-8006,0",111,1,师傅登记管理员[2676
163,0,1092,,"50032,-17090,0",64,1,师傅登记管理员[2501
164,0,1092,,"27969,-8765,0",214,1,师傅登记管理员[1398
165,0,1094,,"5559,-7060,0",107,1,打卡管理员[277
166,0,1094,,"2155,2392,0",48,1,打卡管理员[107
167,0,1094,,"28263,-8387,0",98,1,打卡管理员[1413
168,0,1094,,"53350,-7724,0",126,1,打卡管理员[2667
169,0,1094,,"49509,-17210,0",0,1,打卡管理员[2475
170,0,947,,"28175,-6965,0",196,1,仙界蜍精[1408
171,0,948,,"4060,-31610,0",196,1,仙界蜍精[203
172,0,949,,"640,-34990,0",196,1,仙界蜍精[32
173,0,950,,"789,-28907,0",62,1,仙界蜍精[39
174,0,951,,"-8565,-50610,0",196,1,仙界蜍精[-429
175,0,952,,"-14375,-34845,0",196,1,仙界蜍精[-719
176,0,958,,"1287,3114,0",62,0,真宝蜍精[64
177,0,959,,"5710,-8020,0",254,0,真宝蜍精[285
178,0,960,,"27347,-6748,0",62,0,真宝蜍精[1367
179,0,961,,"55110,-7752,0",63,0,真宝蜍精[2755
180,0,962,,"49010,-16560,0",115,0,真宝蜍精[2450
181,0,1313,,"3870,-31650,0",174,1,蓬莱仙子[193
182,0,675,,"3829,-12048,0",62,0,西歧巡逻队1
183,0,676,,"3710,-12049,0",127,0,西歧巡逻队2
184,0,677,,"3810,-11949,0",127,0,西歧巡逻队3
185,0,678,,"3690,-11969,0",127,0,西歧巡逻队4
186,0,679,,"8090,-15309,0",62,0,汜水巡逻队1
187,0,680,,"7990,-15288,0",127,0,汜水巡逻队2
188,0,681,,"8070,-15450,0",191,0,汜水巡逻队3
189,0,682,,"7970,-15450,0",254,0,汜水巡逻队4
190,0,683,,"16270,-9849,0",108,0,界牌巡逻队1
191,0,684,,"16170,-9809,0",126,0,界牌巡逻队2
192,0,685,,"16209,-10010,0",190,0,界牌巡逻队3
193,0,686,,"16110,-9990,0",255,0,界牌巡逻队4
194,0,687,,"24030,-7409,0",126,0,穿云巡逻队1
195,0,688,,"23948,-7408,0",62,0,穿云巡逻队2
196,0,689,,"24049,-7570,0",190,0,穿云巡逻队3
197,0,690,,"23990,-7610,0",254,0,穿云巡逻队4
198,0,691,,"50551,-3470,0",192,0,朝歌巡逻队1
199,0,692,,"50570,-3570,0",64,0,朝歌巡逻队2
200,0,693,,"50471,-3530,0",128,0,朝歌巡逻队3
201,0,694,,"50490,-3629,0",156,0,朝歌巡逻队4
202,0,695,,"48110,-869,0",63,0,潼关巡逻队1
203,0,696,,"48209,-869,0",62,0,潼关巡逻队2
204,0,697,,"48110,-1030,0",254,0,潼关巡逻队3
205,0,698,,"48190,-1049,0",191,0,潼关巡逻队4
206,0,699,,"39870,-5229,0",254,0,临潼巡逻队1
207,0,700,,"39790,-5190,0",254,0,临潼巡逻队2
208,0,701,,"39889,-5050,0",62,0,临潼巡逻队3
209,0,702,,"39790,-5050,0",56,0,临潼巡逻队4
210,0,703,,"31570,-8770,0",254,0,穿云巡逻队1
211,0,704,,"31629,-8810,0",190,0,穿云巡逻队2
212,0,705,,"31629,-8630,0",120,0,穿云巡逻队3
213,0,706,,"31669,-8670,0",116,0,穿云巡逻队4
214,0,720,,"30375,-3667,0",92,1,仙鹿童
215,0,721,,"25935,6734,0",103,1,燃灯道人
216,0,724,,"27172,-17847,0",108,1,吕岳
217,0,717,,"52130,-7549,0",109,1,朝歌攻城官
218,0,718,,"53330,-8850,0",128,1,朝歌守城官
219,0,715,,"3353,-7867,0",98,1,西歧攻城官
220,0,716,,"5355,-7905,0",4,1,西歧守城官
221,0,713,,"26415,-7902,0",114,1,穿云关攻城官（周方向）
222,0,713,,"28987,-7950,0",128,1,穿云关攻城官（商方向）
223,0,714,,"27770,-7867,0",63,1,穿云关守城官
224,0,848,,"52110,-7509,0",105,1,朝歌攻城军需官
225,0,849,,"53328,-8890,0",0,1,朝歌守城军需官
226,0,846,,"3330,-7829,0",92,1,西歧攻城军需官
227,0,847,,"5349,-7950,0",128,1,西歧守城军需官
228,0,850,,"26370,-7889,0",108,1,穿云关攻城军需官
229,0,850,,"28989,-7988,0",2,1,穿云关攻城军需官
230,0,851,,"27910,-7869,0",108,1,穿云关守城军需官
231,0,710,,"6650,-7970,0",192,1,西歧采邑大臣
232,0,711,,"54610,-8690,0",192,1,朝歌采邑大臣
233,0,712,,"27630,-8390,0",64,1,穿云采邑大臣
234,0,723,,"7210,-7910,0",64,1,西歧城凤雕像
235,0,722,,"55290,-8830,0",64,1,朝歌城龙雕像
236,0,852,,"4847,-8290,0",128,1,西歧西门门童
237,0,853,,"4252,-8090,0",64,1,西歧西门门童
238,0,854,,"6570,-6568,0",126,1,西歧北门门童
239,0,855,,"5732,-5831,0",175,1,西歧北门门童
240,0,856,,"6570,-9233,0",255,1,西歧南门门童
241,0,857,,"6450,-9950,0",62,1,西歧南门门童
242,0,852,,"4847,-8290,0",128,0,西歧西门门童
243,0,854,,"6570,-6568,0",126,0,西歧北门门童
244,0,856,,"6570,-9233,0",255,0,西歧南门门童
245,0,858,,"28270,-7330,0",192,1,穿云关东门门童
246,0,859,,"28888,-7569,0",6,1,穿云关东门门童
247,0,860,,"27307,-8110,0",129,1,穿云关西门门童
248,0,861,,"26693,-7929,0",65,1,穿云关西门门童
249,0,862,,"52809,-9230,0",134,1,朝歌西门门童
250,0,863,,"52216,-9096,0",234,1,朝歌西门门童
251,0,864,,"53750,-7508,0",126,1,朝歌北门门童
252,0,865,,"54490,-6932,0",255,1,朝歌北门门童
253,0,866,,"54530,-10171,0",190,1,朝歌南门门童
254,0,867,,"54410,-10789,0",126,1,朝歌南门门童
255,0,868,,"49691,-17690,0",194,1,龙门洞门童
256,0,869,,"50429,-18310,0",131,1,龙门洞门童
257,0,890,,"2039,2999,0",108,0,月玲珑
258,0,891,,"48724,-18177,0",178,0,月朦胧
259,0,892,,"27870,-8791,0",254,0,蕊月仙子
260,0,893,,"870,-5648,0",127,1,西歧驿官
261,0,895,,"49349,-9887,0",62,1,朝歌驿官
262,0,893,,"1680,2320,0",122,1,西歧驿官
263,0,895,,"49400,-17200,0",62,1,朝歌驿官
264,0,929,,"54720,-12410,0",63,1,楼梯下1（商）[2736
265,0,927,,"-19805,-3565,0",130,1,楼梯上0（商）
266,0,928,,"-12385,3325,0",200,1,楼梯下2（商）
267,0,1066,,"-29925,7585,0",63,1,楼梯上2（商）
268,0,1068,,"-35385,605,0",255,1,楼梯下3（商）
269,0,932,,"7225,0,0",127,1,楼梯下1（周）[361
270,0,931,,"-19685,-15390,0",128,1,楼梯上0（周）
271,0,930,,"-12610,-8470,0",63,1,楼梯下2（周）
272,0,1069,,"-35810,-8545,0",2,1,楼梯上2（周）
273,0,1070,,"-28285,-13710,0",194,1,楼梯下3（周）
274,0,953,,"2430,2710,0",109,1,山鬼（周）
275,0,954,,"49251,-18111,0",236,1,山鬼（商）
276,0,955,,"30891,-25148,0",108,1,河伯
277,0,1076,,"5930,-7730,0",126,1,西歧三督粮官
278,0,1077,,"5730,-7730,0",61,1,西歧二督粮官
279,0,1078,,"5830,-7735,0",127,1,西歧头督粮官
280,0,1048,,"5610,-7649,0",127,1,西歧军政官
281,0,1079,,"53590,-9010,0",254,1,朝歌三督粮官
282,0,1080,,"53790,-9029,0",255,1,朝歌二督粮官
283,0,1081,,"53688,-9004,0",190,1,朝歌头督粮官
284,0,1049,,"53890,-9051,0",254,1,朝歌军政官
285,0,1018,,"1029,2612,0",62,1,首阳山三运粮官
286,0,1019,,"6880,-2484,0",95,1,首阳山二运粮官
287,0,1020,,"5660,3252,0",83,1,首阳山头运粮官
288,0,1021,,"1309,-15703,0",154,1,金鸡岭三运粮官
289,0,1022,,"717,-19336,0",156,1,金鸡岭二运粮官
290,0,1023,,"7127,-19293,0",204,1,金鸡岭头运粮官
291,0,1024,,"12490,-12816,0",254,1,汜水关三运粮官
292,0,1025,,"15365,-15115,0",106,1,汜水关二运粮官
293,0,1026,,"13169,-8724,0",62,1,汜水关头运粮官
294,0,1028,,"18238,-5306,0",179,1,界牌关二运粮官
295,0,1029,,"21801,-11433,0",187,1,界牌关头运粮官
296,0,1032,,"25449,-11724,0",190,1,穿云关头运粮官
297,0,1033,,"48929,-12390,0",62,1,龙门洞三运粮官
298,0,1034,,"48810,-18371,0",254,1,龙门洞二运粮官
299,0,1035,,"55170,-18980,0",254,1,龙门洞头运粮官
300,0,1036,,"51359,-865,0",122,1,陈塘三运粮官
301,0,1037,,"55055,-3368,0",252,1,陈塘二运粮官
302,0,1038,,"55273,618,0",253,1,陈塘头运粮官
303,0,1039,,"44088,-3551,0",172,1,临潼关三运粮官
304,0,1040,,"47349,-7241,0",222,1,临潼关二运粮官
305,0,1041,,"45351,-7068,0",67,1,临潼关头运粮官
306,0,1043,,"35310,-5030,0",64,1,潼关二运粮官
307,0,1044,,"35411,-11288,0",67,1,潼关头运粮官
308,0,1047,,"30381,-4360,0",103,1,穿云关头运粮官
309,0,1071,,"4331,-32088,0",109,1,余元
310,0,1095,,"2010,2330,0",108,1,首阳山差官
311,0,1100,,"49200,-17200,0",192,1,龙门洞差官
312,0,1101,,"1411,2891,0",108,1,首阳山百草师
313,0,1102,,"1129,2850,0",44,1,首阳山炼丹师
314,0,1103,,"1729,2870,0",44,1,首阳山炼金师
315,0,1104,,"2511,2471,0",108,1,首阳山采矿师
316,0,1105,,"2950,2470,0",64,1,首阳山铸造师
317,0,1106,,"49610,-16789,0",126,1,龙门洞百草师
318,0,1107,,"50030,-16529,0",106,1,龙门洞炼丹师
319,0,1108,,"50290,-16729,0",106,1,龙门洞炼金师
320,0,1109,,"48707,-17270,0",0,1,龙门洞采矿师
321,0,1110,,"49132,-16690,0",192,1,龙门洞铸造师
322,0,1201,,"1668,1988,0",172,1,周朝文官
323,0,1202,,"48950,-16948,0",63,1,商朝文官
324,0,1203,,"1730,1989,0",190,1,周朝文吏
325,0,1204,,"48909,-16968,0",62,1,商朝文吏
326,0,1185,,"2710,-14710,0",190,1,金鸡岭督将
327,0,1186,,"2629,-14650,0",0,1,金鸡岭先行官
328,0,1187,,"2870,-14751,0",252,1,金鸡岭佐军官
329,0,1188,,"12089,-11109,0",44,1,汜水关先行官
330,0,1189,,"12249,-10909,0",44,1,汜水关佐军官
331,0,1190,,"19370,-9570,0",195,1,界牌关总兵徐盖
332,0,1191,,"19371,-9409,0",66,1,界牌关先行官
333,0,1192,,"19410,-9729,0",64,1,界牌关佐军官
334,0,1193,,"50171,-1728,0",109,1,陈塘督将
335,0,1194,,"50109,-1648,0",62,1,陈塘先行官
336,0,1195,,"50230,-1849,0",66,1,陈塘佐军官
337,0,1196,,"43511,-3709,0",65,1,临潼关先行官
338,0,1197,,"43370,-4051,0",254,1,临潼关佐军官
339,0,1198,,"36328,-8608,0",67,1,潼关总兵陈桐
340,0,1199,,"36131,-8458,0",126,1,潼关先行官
341,0,1200,,"36165,-8818,0",220,1,潼关佐军官
342,0,1250,,"3912,-32190,0",64,1,蓬莱岛游方术士
343,0,1251,,"3850,-32168,0",62,1,蓬莱岛炼气散人
344,0,1252,,"3829,-32190,0",0,1,蓬莱岛隐士
345,0,1253,,"3870,-32232,0",255,1,蓬莱岛散仙
346,0,1096,,"28262,-8640,0",81,1,穿云关四蜍精
347,0,1097,,"28262,-8695,0",208,1,
348,0,1098,,"28262,-8751,0",194,1,
349,0,1099,,"28262,-8809,0",65,1,
350,0,1096,,"1323,2269,0",132,1,首阳山四蜍精
351,0,1097,,"1329,2214,0",48,1,
352,0,1098,,"1329,2155,0",34,1,
353,0,1099,,"1330,2100,0",10,1,
354,0,1096,,"5110,-8996,0",138,1,西歧四蜍精
355,0,1097,,"5110,-9052,0",131,1,
356,0,1098,,"5110,-9107,0",3,1,
357,0,1099,,"5110,-9148,0",2,1,
358,0,1096,,"53168,-9910,0",188,1,朝歌四蜍精
359,0,1097,,"53223,-9910,0",190,1,
360,0,1098,,"53279,-9910,0",190,1,
361,0,1099,,"53334,-9910,0",254,1,
362,0,1096,,"49269,-16870,0",123,1,龙门洞四蜍精
363,0,1097,,"49330,-16870,0",126,1,
364,0,1098,,"49389,-16870,0",120,1,
365,0,1099,,"49450,-16870,0",62,1,
366,0,1112,,"2071,1988,0",235,1,拍卖管理员蜍精[103
367,0,1112,,"5352,-6890,0",192,1,拍卖管理员蜍精[267
368,0,1112,,"27550,-6827,0",126,1,拍卖管理员蜍精[1377
369,0,1112,,"53027,-7929,0",0,1,拍卖管理员蜍精[2651
370,0,1112,,"49410,-17469,0",105,1,拍卖管理员蜍精[2470
371,0,1113,,"1760,2400,0",108,1,首阳山驿官[92
372,0,1115,,"49400,-17280,0",109,1,龙门洞驿官[2457
373,0,1374,,"49400,-17360,0",109,1,
374,0,1374,,"1680,2380,0",109,1,
375,0,1205,,"28076,-7109,0",64,1,国战传送[100
376,0,1210,,"27472,-7152,0",18,1,国战传送[2467
377,0,1299,,"32689,-11146,0",190,1,女娲娘娘
378,0,1300,,"1350,1736,0",254,1,青云童子
379,0,1301,,"48900,-17866,0",22,1,碧霞童子
380,0,1303,,"25829,7100,0",62,1,敖吉
381,0,1302,,"40950,-1093,0",108,1,金灵圣母
382,0,1304,,"33427,-7287,0",72,1,接引道人
383,0,1305,,"24891,-15451,0",236,1,云中子
384,0,1306,,"16719,-8051,0",134,1,高明
385,0,1307,,"16719,-8210,0",132,1,高觉
386,0,1308,,"36228,-8029,0",64,1,余达
387,0,1309,,"12660,-12489,0",226,1,余化
388,0,1310,,"43570,-2518,0",126,1,卞金龙
389,0,1311,,"19870,-7990,0",64,1,彭遵
390,0,1312,,"13450,-13483,0",126,1,神农
,,,,,,,
1001,1,882,,"-10608,-2248,0",109,1,大刀手
1002,1,882,,"-10510,-2328,0",62,1,大刀手
1003,1,883,,"-10529,-2229,0",100,1,攒箭手
1004,1,883,,"-10569,-2129,0",106,1,攒箭手
1005,1,883,,"-10447,-2170,0",64,1,攒箭手
1006,1,882,,"-9887,-1890,0",192,1,大刀手
1007,1,882,,"-9828,-2049,0",65,1,大刀手
1008,1,883,,"-9989,-1930,0",64,1,攒箭手
1009,1,883,,"-9989,-2170,0",64,1,攒箭手
1010,1,883,,"-10067,-2070,0",192,1,攒箭手
1011,1,887,,"-10270,-1629,0",38,1,赵丙
1012,1,882,,"-10449,-1609,0",110,1,大刀手
1013,1,882,,"-10150,-1729,0",62,1,大刀手
1014,1,882,,"-10610,-1669,0",62,1,大刀手
1015,1,883,,"-10308,-1728,0",113,1,攒箭手
1016,1,883,,"-10429,-1509,0",97,1,攒箭手
1017,1,883,,"-10152,-2329,0",1,1,攒箭手
1018,1,883,,"-10510,-1849,0",113,1,攒箭手
1019,1,883,,"-10271,-2269,0",10,1,攒箭手
1020,1,883,,"-10590,-1930,0",171,1,攒箭手
1021,1,882,,"-10769,-2010,0",236,1,大刀手
1022,1,882,,"-10829,-1950,0",64,1,大刀手
1023,1,882,,"-10789,-1847,0",126,1,大刀手
1024,1,881,,"-9188,-1548,0",106,1,家将
1025,1,882,,"-9029,-1489,0",107,1,大刀手
1026,1,882,,"-9127,-1609,0",68,1,大刀手
1027,1,882,,"-9288,-1588,0",108,1,大刀手
1028,1,882,,"-9208,-1668,0",106,1,大刀手
1029,1,881,,"-8069,-1149,0",126,1,家将
1030,1,883,,"-8009,-1109,0",118,1,攒箭手
1031,1,883,,"-7948,-1189,0",91,1,攒箭手
1032,1,883,,"-8089,-1049,0",110,1,攒箭手
1033,1,883,,"-8049,-1189,0",66,1,攒箭手
1034,1,883,,"-8129,-1148,0",126,1,攒箭手
1035,1,881,,"-11228,-659,0",72,1,家将
1036,1,883,,"-11130,-628,0",62,1,攒箭手
1037,1,883,,"-11310,-547,0",126,1,攒箭手
1038,1,883,,"-11349,-688,0",121,1,攒箭手
1039,1,881,,"-11091,628,0",172,1,家将
1040,1,883,,"-11209,691,0",125,1,攒箭手
1041,1,883,,"-11148,671,0",106,1,攒箭手
1042,1,883,,"-11148,591,0",104,1,攒箭手
1043,1,883,,"-10951,648,0",166,1,攒箭手
1044,1,888,,"-9428,1171,0",110,1,孙子羽
1045,1,881,,"-9549,1050,0",109,1,家将
1046,1,881,,"-9671,1050,0",0,1,家将
1047,1,881,,"-9711,1229,0",165,1,家将
1048,1,881,,"-9548,1371,0",119,1,家将
1049,1,881,,"-9409,690,0",92,1,家将
1050,1,881,,"-9687,1410,0",64,1,大刀手
1051,1,882,,"-9828,910,0",65,1,大刀手
1052,1,882,,"-9808,970,0",95,1,大刀手
1053,1,882,,"-9788,710,0",83,1,大刀手
1054,1,882,,"-9647,690,0",64,1,大刀手
1055,1,882,,"-9668,789,0",193,1,大刀手
1056,1,882,,"-9429,769,0",194,1,大刀手
1057,1,882,,"-9290,851,0",63,1,大刀手
1058,1,883,,"-9330,989,0",190,1,攒箭手
1059,1,883,,"-9509,950,0",106,1,攒箭手
1060,1,883,,"-9349,1310,0",126,1,攒箭手
1061,1,883,,"-9809,1310,0",109,1,攒箭手
1062,1,883,,"-9830,1450,0",2,1,攒箭手
1063,1,883,,"-9769,1091,0",121,1,攒箭手
1064,1,882,,"-11129,2570,0",124,1,大刀手
1065,1,882,,"-11030,2572,0",62,1,大刀手
1066,1,882,,"-11110,2711,0",57,1,大刀手
1067,1,882,,"-11250,2589,0",131,1,大刀手
1068,1,883,,"-11028,2610,0",96,1,攒箭手
1069,1,883,,"-11192,2490,0",2,1,攒箭手
1070,1,883,,"-11291,2670,0",0,1,攒箭手
1071,1,883,,"-11069,2769,0",239,1,攒箭手
1072,1,882,,"-9510,2830,0",43,1,大刀手
1073,1,882,,"-9591,3070,0",2,1,大刀手
1074,1,882,,"-9470,3170,0",62,1,大刀手
1075,1,889,,"-9008,2949,0",200,1,陈季贞
1076,1,881,,"-9509,3070,0",192,1,家将
1077,1,881,,"-9229,3109,0",197,1,家将
1078,1,881,,"-9009,3050,0",107,1,家将
1079,1,882,,"-9327,2989,0",195,1,大刀手
1080,1,882,,"-9308,2909,0",195,1,大刀手
1081,1,882,,"-9088,2950,0",192,1,大刀手
1082,1,882,,"-8949,2810,0",64,1,大刀手
1083,1,883,,"-9449,2970,0",64,1,攒箭手
1084,1,883,,"-9109,2850,0",64,1,攒箭手
1085,1,883,,"-9489,2909,0",254,1,攒箭手
1086,1,883,,"-8930,2709,0",184,1,攒箭手
1087,1,883,,"-9130,2670,0",62,1,攒箭手
1088,1,881,,"-7907,2250,0",112,1,家将
1089,1,882,,"-8028,2329,0",192,1,大刀手
1090,1,882,,"-8029,2190,0",64,1,大刀手
1091,1,872,,"-6469,-2790,0",194,1,方相
1092,1,873,,"-6568,-2911,0",235,1,方弼
1093,1,881,,"-7309,2310,0",66,1,家将
1094,1,883,,"-7409,2310,0",126,1,攒箭手
1095,1,883,,"-7369,2211,0",126,1,攒箭手
1096,1,881,,"-6909,1928,0",254,1,家将
1097,1,881,,"-6990,1930,0",184,1,家将
1098,1,881,,"-6870,1769,0",170,1,家将
1099,1,881,,"-6971,1728,0",173,1,家将
1100,1,881,,"-6810,1689,0",190,1,家将
1101,1,881,,"-7011,1549,0",172,1,家将
1102,1,881,,"-6891,1628,0",175,1,家将
1103,1,881,,"-7151,1568,0",173,1,家将
1104,1,871,,"-7151,1568,0",173,1,苏全忠
1105,1,881,,"-6647,1609,0",199,1,家将
1106,1,881,,"-6188,1771,0",108,1,家将
1107,1,881,,"-6169,2130,0",124,1,家将
1108,1,881,,"-5949,2390,0",110,1,家将
1109,1,870,,"-5689,3252,0",44,1,苏护
1110,1,881,,"-5808,2831,0",111,1,家将
1111,1,881,,"-5910,2850,0",45,1,家将
1112,1,881,,"-5789,2971,0",121,1,家将
1113,1,881,,"-5910,3010,0",62,1,家将
1114,1,881,,"-5909,3170,0",126,1,家将
1115,1,881,,"-5748,3050,0",98,1,家将
1116,1,881,,"-5871,3270,0",4,1,家将
1117,1,881,,"-5512,2590,0",134,1,家将
1118,1,883,,"-5351,2670,0",128,1,攒箭手
1119,1,883,,"-5409,2532,0",126,1,攒箭手
1120,1,881,,"-4730,2570,0",0,1,家将
1121,1,882,,"-4590,2510,0",7,1,大刀手
1122,1,882,,"-4590,2650,0",129,1,大刀手
1123,1,882,,"-4530,1587,0",190,1,大刀手
1124,1,882,,"-4371,1608,0",170,1,大刀手
1125,1,882,,"-4490,1391,0",62,1,大刀手
1126,1,882,,"-4370,1412,0",62,1,大刀手
1127,1,883,,"-4510,1470,0",127,1,攒箭手
1128,1,883,,"-4370,1490,0",62,1,攒箭手
1129,1,881,,"-4449,1529,0",76,1,家将
1130,1,882,,"-4490,451,0",127,1,大刀手
1131,1,882,,"-4569,390,0",124,1,大刀手
1132,1,882,,"-4410,392,0",126,1,大刀手
1133,1,881,,"-6028,-3390,0",223,1,家将
1134,1,881,,"-6029,-3310,0",224,1,家将
1135,1,881,,"-6089,-3470,0",226,1,家将
1136,1,881,,"-5929,-3310,0",212,1,家将
1137,1,881,,"-5969,-3530,0",203,1,家将
1138,1,881,,"-6088,-3270,0",64,1,家将
1139,1,881,,"-6129,-3450,0",254,1,家将
1140,1,881,,"-5769,-2349,0",99,1,家将
1141,1,881,,"-5688,-2468,0",105,1,家将
1142,1,881,,"-5690,-2290,0",169,1,家将
1143,1,881,,"-5610,-2370,0",169,1,家将
1144,1,881,,"-5510,-2230,0",170,1,家将
1145,1,883,,"-5469,-2150,0",236,1,攒箭手
1146,1,883,,"-5610,-2052,0",190,1,攒箭手
1147,1,883,,"-5650,-2131,0",177,1,攒箭手
1148,1,883,,"-5489,-2030,0",236,1,攒箭手
1149,1,883,,"-5590,-1932,0",190,1,攒箭手
1150,1,882,,"-5489,-1791,0",254,1,大刀手
1151,1,882,,"-5629,-1730,0",254,1,大刀手
1152,1,882,,"-5570,-1810,0",255,1,大刀手
1153,1,883,,"-5909,-1129,0",78,1,攒箭手
1154,1,883,,"-5828,-1169,0",60,1,攒箭手
1155,1,883,,"-5848,-1050,0",222,1,攒箭手
1156,1,883,,"-5889,-1250,0",232,1,攒箭手
1157,1,883,,"-6008,-1030,0",198,1,攒箭手
1158,1,883,,"-6049,-1149,0",68,1,攒箭手
1159,1,882,,"-6348,-890,0",64,1,大刀手
1160,1,882,,"-6368,-990,0",192,1,大刀手
1161,1,882,,"-6427,-930,0",192,1,大刀手
1162,1,882,,"-6489,-890,0",203,1,大刀手
1163,1,882,,"-6509,-990,0",193,1,大刀手
1164,1,882,,"-6608,-930,0",195,1,大刀手
1165,1,882,,"-6689,-890,0",193,1,大刀手
1166,1,882,,"-6689,-990,0",192,1,大刀手
1167,1,882,,"-6828,-949,0",67,1,大刀手
1168,1,882,,"-6929,-890,0",204,1,大刀手
1169,1,882,,"-6928,-1010,0",192,1,大刀手
1170,1,881,,"-7209,-970,0",192,1,家将
1171,1,883,,"-7249,-890,0",214,1,攒箭手
1172,1,883,,"-7229,-1030,0",65,1,攒箭手
1173,1,882,,"-7368,-949,0",196,1,大刀手
1174,1,882,,"-7367,-890,0",64,1,大刀手
1175,1,882,,"-7449,-1010,0",192,1,大刀手
1176,1,896,,"-10908,-3491,0",236,1,冀州驿官
1177,1,957,4,"-6109,-2390,0",238,1,"		黄河龙女"
1178,1,966,4,"-9085,2950,0",238,1,"		天时"
1179,1,967,4,"-5795,-3475,0",238,1,"		地利"
1180,1,968,4,"-5340,1530,0",238,1,"		人和"
,,,,,,,
2001,2,879,,"1490,2228,0",254,1,刽子手
2002,2,879,,"1471,2309,0",192,1,刽子手
2003,2,879,,"1350,2169,0",190,1,刽子手
2004,2,880,,"1631,2330,0",64,1,长箭手
2005,2,880,,"1631,2210,0",64,1,长箭手
2006,2,880,,"1390,1929,0",191,1,长箭手
2007,2,884,,"1950,1727,0",255,1,黄元济
2008,2,880,,"1570,1847,0",254,1,长箭手
2009,2,879,,"1710,1889,0",255,1,刽子手
2010,2,879,,"2610,1809,0",218,1,刽子手
2011,2,879,,"2350,2149,0",221,1,刽子手
2012,2,880,,"1750,1728,0",244,1,长箭手
2013,2,880,,"1468,1768,0",171,1,长箭手
2014,2,880,,"2571,2030,0",192,1,长箭手
2015,2,880,,"2070,1969,0",236,1,长箭手
2016,2,879,,"1169,1789,0",170,1,刽子手
2017,2,879,,"1368,1548,0",172,1,刽子手
2018,2,879,,"1028,1708,0",171,1,刽子手
2019,2,880,,"1289,1428,0",180,1,长箭手
2020,2,880,,"1209,1629,0",185,1,长箭手
2021,2,880,,"949,1509,0",172,1,长箭手
2022,2,880,,"1290,1849,0",172,1,长箭手
2023,2,879,,"1950,2109,0",236,1,刽子手
2024,2,879,,"1931,2329,0",219,1,刽子手
2025,2,879,,"1871,1910,0",91,1,刽子手
2026,2,879,,"1851,2329,0",91,1,刽子手
2027,2,880,,"2032,2269,0",208,1,长箭手
2028,2,880,,"2170,2329,0",236,1,长箭手
2029,2,880,,"2171,2110,0",64,1,长箭手
2030,2,880,,"2410,1709,0",218,1,长箭手
2031,2,879,,"1310,-1430,0",236,1,刽子手
2032,2,879,,"1411,-1570,0",207,1,刽子手
2033,2,879,,"1571,-1371,0",231,1,刽子手
2034,2,879,,"1671,-2009,0",91,1,刽子手
2035,2,879,,"1570,-1909,0",91,1,刽子手
2036,2,880,,"1450,-1370,0",236,1,长箭手
2037,2,880,,"1530,-1530,0",208,1,长箭手
2038,2,880,,"1571,-1708,0",108,1,长箭手
2039,2,880,,"1770,-1470,0",194,1,长箭手
2040,2,880,,"1791,-1831,0",235,1,长箭手
2041,2,878,,"1691,-1590,0",212,1,家将
2042,2,878,,"1770,-1289,0",65,1,家将
2043,2,878,,"1910,-1670,0",236,1,家将
2044,2,878,,"1730,-1769,0",62,1,家将
2045,2,879,,"2710,-3189,0",124,1,刽子手
2046,2,879,,"2850,-3129,0",108,1,刽子手
2047,2,879,,"2730,-3009,0",109,1,刽子手
2048,2,879,,"3090,-2928,0",126,1,刽子手
2049,2,879,,"3251,-2528,0",108,1,刽子手
2050,2,879,,"3371,-2948,0",110,1,刽子手
2051,2,879,,"3909,-2710,0",128,1,刽子手
2052,2,879,,"3630,-2789,0",108,1,刽子手
2053,2,880,,"2589,-3069,0",44,1,长箭手
2054,2,880,,"2810,-2768,0",62,1,长箭手
2055,2,880,,"3170,-3070,0",235,1,长箭手
2056,2,880,,"3029,-2589,0",62,1,长箭手
2057,2,880,,"3209,-2390,0",167,1,长箭手
2058,2,880,,"3390,-2769,0",62,1,长箭手
2059,2,880,,"3748,-2610,0",128,1,长箭手
2060,2,878,,"2926,-2767,0",62,1,家将
2061,2,878,,"3530,-2550,0",64,1,家将
2062,2,885,,"3212,-2750,0",192,1,金葵
2063,2,879,,"4410,-2369,0",65,1,刽子手
2064,2,879,,"4390,-2590,0",192,1,刽子手
2065,2,879,,"5331,-1091,0",236,1,刽子手
2066,2,879,,"5471,-969,0",65,1,刽子手
2067,2,879,,"5490,-1070,0",236,1,刽子手
2068,2,879,,"5470,-1191,0",254,1,刽子手
2069,2,880,,"5251,-1251,0",239,1,长箭手
2070,2,880,,"5610,-970,0",235,1,长箭手
2071,2,880,,"5591,-1249,0",64,1,长箭手
2072,2,880,,"5610,-1130,0",64,1,长箭手
2073,2,880,,"5731,-1230,0",192,1,长箭手
2074,2,879,,"4831,-2489,0",75,1,刽子手
2075,2,879,,"4711,-2430,0",195,1,刽子手
2076,2,879,,"4611,-2530,0",192,1,刽子手
2077,2,879,,"4730,-2329,0",126,1,刽子手
2078,2,879,,"4830,-2348,0",62,1,刽子手
2079,2,879,,"5071,-1450,0",194,1,刽子手
2080,2,879,,"5070,-1350,0",192,1,刽子手
2081,2,879,,"5228,-1490,0",0,1,刽子手
2082,2,879,,"4929,-1530,0",129,1,刽子手
2083,2,879,,"5048,-1670,0",128,1,刽子手
2084,2,878,,"5672,-1409,0",64,1,家将
2085,2,878,,"5610,-1330,0",193,1,家将
2086,2,878,,"5610,-1510,0",232,1,家将
2087,2,878,,"5529,-1429,0",6,1,家将
2088,2,880,,"5371,-2270,0",193,1,长箭手
2089,2,880,,"5429,-2030,0",0,1,长箭手
2090,2,880,,"5451,-2129,0",66,1,长箭手
2091,2,880,,"5731,-2289,0",65,1,长箭手
2092,2,880,,"5632,-2210,0",113,1,长箭手
2093,2,880,,"5748,-1990,0",128,1,长箭手
2094,2,880,,"5630,-2050,0",206,1,长箭手
2095,2,880,,"5570,-1911,0",254,1,长箭手
2096,2,880,,"5251,-2149,0",85,1,长箭手
2097,2,878,,"5490,-3070,0",254,1,家将
2098,2,879,,"5412,-2909,0",71,1,刽子手
2099,2,879,,"5532,-2989,0",64,1,刽子手
2100,2,879,,"5610,-2911,0",251,1,刽子手
2101,2,876,,"5310,-2230,0",193,1,晁田
2102,2,877,,"6250,-2330,0",192,1,晁雷
2103,2,879,,"5251,-2351,0",225,1,刽子手
2104,2,879,,"5130,-2490,0",64,1,刽子手
2105,2,879,,"5091,-2350,0",218,1,刽子手
2106,2,879,,"4991,-2470,0",113,1,刽子手
2107,2,879,,"5032,-2330,0",20,1,刽子手
2108,2,879,,"6052,-2509,0",66,1,刽子手
2109,2,879,,"6031,-2330,0",197,1,刽子手
2110,2,879,,"6111,-2130,0",195,1,刽子手
2111,2,880,,"6311,-2250,0",64,1,长箭手
2112,2,880,,"6150,-1869,0",20,1,长箭手
2113,2,880,,"6030,-1710,0",222,1,长箭手
2114,2,878,,"6130,-2269,0",114,1,家将
2115,2,878,,"6231,-2150,0",192,1,家将
2116,2,878,,"6210,-2429,0",67,1,家将
2117,2,878,,"6291,-1849,0",64,1,家将
2118,2,879,,"2851,3131,0",112,1,刽子手
2119,2,879,,"2871,3289,0",194,1,刽子手
2120,2,879,,"2770,3308,0",253,1,刽子手
2121,2,880,,"2990,3110,0",102,1,长箭手
2122,2,880,,"2851,3429,0",219,1,长箭手
2123,2,880,,"2731,3311,0",109,1,长箭手
2124,2,878,,"3348,1148,0",173,1,家将
2125,2,878,,"3378,1288,0",176,1,家将
2126,2,878,,"3569,1089,0",171,1,家将
2127,2,879,,"3549,1449,0",128,1,刽子手
2128,2,879,,"3589,1289,0",149,1,刽子手
2129,2,879,,"3708,1190,0",128,1,刽子手
2130,2,879,,"3469,1549,0",190,1,刽子手
2131,2,880,,"3428,1411,0",41,1,长箭手
2132,2,880,,"3569,1209,0",149,1,长箭手
2133,2,880,,"3449,1289,0",183,1,长箭手
2134,2,880,,"3709,1050,0",0,1,长箭手
2135,2,878,,"6211,289,0",183,1,家将
2136,2,879,,"6250,389,0",195,1,刽子手
2137,2,879,,"6230,190,0",68,1,刽子手
2138,2,879,,"6850,209,0",196,1,刽子手
2139,2,879,,"6851,371,0",105,1,刽子手
2140,2,880,,"6930,229,0",238,1,长箭手
2141,2,880,,"6930,390,0",77,1,长箭手
2142,2,878,,"7651,2591,0",111,1,家将
2143,2,879,,"7750,2371,0",126,1,刽子手
2144,2,879,,"7550,2370,0",126,1,刽子手
2145,2,880,,"7569,2490,0",44,1,长箭手
2146,2,880,,"7731,2491,0",105,1,长箭手
2147,2,878,,"7629,3190,0",38,1,家将
2148,2,879,,"7629,3090,0",56,1,刽子手
2149,2,879,,"7730,3210,0",122,1,刽子手
2150,2,879,,"7469,3170,0",47,1,刽子手
2151,2,880,,"7630,3311,0",126,1,长箭手
2152,2,880,,"7469,3250,0",1,1,长箭手
2153,2,880,,"7549,3391,0",45,1,长箭手
2154,2,878,,"4590,3149,0",210,1,家将
2155,2,879,,"4809,3390,0",2,1,刽子手
2156,2,879,,"4749,3209,0",172,1,刽子手
2157,2,880,,"4587,3290,0",3,1,长箭手
2158,2,880,,"4708,3068,0",167,1,长箭手
2159,2,879,,"5230,2032,0",126,1,刽子手
2160,2,879,,"5369,2050,0",62,1,刽子手
2161,2,879,,"5230,1729,0",191,1,刽子手
2162,2,879,,"5389,1727,0",190,1,刽子手
2163,2,879,,"5610,1969,0",198,1,刽子手
2164,2,879,,"5592,1710,0",66,1,刽子手
2165,2,880,,"5831,1670,0",64,1,长箭手
2166,2,880,,"5791,2050,0",82,1,长箭手
2167,2,879,,"5491,1889,0",199,1,刽子手
2168,2,879,,"5351,1889,0",193,1,刽子手
2169,2,886,,"5690,1850,0",192,1,梅德
2170,2,878,,"5570,2590,0",62,1,家将
2171,2,879,,"5470,2490,0",126,1,刽子手
2172,2,879,,"5669,2510,0",61,1,刽子手
2173,2,878,,"5850,2630,0",62,1,家将
2174,2,878,,"6130,2630,0",62,1,家将
2175,2,878,,"6450,2610,0",62,1,家将
2176,2,878,,"6890,2230,0",64,1,家将
2177,2,878,,"6890,2390,0",192,1,家将
2178,2,875,,"6167,1870,0",128,1,崇应彪
2179,2,878,,"6249,1770,0",8,1,家将
2180,2,878,,"6248,1950,0",0,1,家将
2181,2,878,,"6352,1949,0",192,1,家将
2182,2,878,,"6371,1770,0",71,1,家将
2183,2,878,,"6649,1770,0",128,1,家将
2184,2,878,,"6649,1949,0",129,1,家将
2185,2,874,,"6830,1869,0",204,1,崇侯虎
2186,2,878,,"6752,1969,0",194,1,家将
2187,2,878,,"6750,1750,0",64,1,家将
2188,2,878,,"6910,1310,0",192,1,家将
2189,2,878,,"6891,1490,0",64,1,家将
2190,2,878,,"5510,1067,0",254,1,家将
2191,2,878,,"5809,1067,0",189,1,家将
2192,2,878,,"6090,1069,0",255,1,家将
2193,2,878,,"6410,1049,0",254,1,家将
2194,2,878,,"6110,1250,0",126,1,家将
2195,2,878,,"5909,1250,0",62,1,家将
2196,2,878,,"6150,2448,0",190,1,家将
2197,2,878,,"5910,2449,0",255,1,家将
2198,2,880,,"5689,1369,0",190,1,长箭手
2199,2,880,,"5510,1389,0",255,1,长箭手
2200,2,880,,"5590,1509,0",190,1,长箭手
2201,2,879,,"6530,2227,0",254,1,刽子手
2202,2,879,,"6469,2408,0",190,1,刽子手
2203,2,880,,"6629,2369,0",190,1,长箭手
2204,2,880,,"6450,2269,0",233,1,长箭手
2205,2,879,,"6550,1430,0",120,1,刽子手
2206,2,879,,"6410,1270,0",115,1,刽子手
2207,2,880,,"6611,1310,0",65,1,长箭手
2208,2,880,,"6390,1411,0",126,1,长箭手
2209,2,894,,"309,3450,0",44,1,崇城驿官
2210,2,956,4,"1927,-1510,0",150,1,"		赤须龙女"
2211,2,963,4,"3300,1075,0",150,1,"		天时"
2212,2,964,4,"4860,-1605,0",150,1,"		地利"
2213,2,965,4,"2955,-2500,0",150,1,"		人和"
,,,,,,,
3001,3,1116,,"21780,2960,0",66,1,掠阵官（商）
3002,3,1175,,"30591,-1870,0",193,1,邓忠
3003,3,1176,,"30429,-1870,0",0,1,张节
3004,3,1179,,"30528,-3570,0",128,1,碧霄娘娘
3005,3,1178,,"30909,-3572,0",192,1,琼霄娘娘
3006,3,1177,,"30729,-3670,0",190,1,云霄娘娘
3007,3,1134,,"20931,2410,0",192,1,九曲黄河阵阵门
3008,3,1180,,"20931,2429,0",197,1,九曲黄河阵门柱
3009,3,1180,,"20931,2390,0",64,1,九曲黄河阵门柱
3010,3,1129,,"22371,-2028,0",108,1,金结界石
3011,3,1130,,"24669,-1571,0",190,1,木结界石
3012,3,1131,,"28390,-3215,0",208,1,水结界石
3013,3,1132,,"28509,1610,0",45,1,火结界石
3014,3,1133,,"29109,-787,0",61,1,土结界石
3015,3,1127,,"27391,1450,0",192,1,封印的泥塑
3016,3,1127,,"27392,1170,0",64,1,封印的泥塑
3017,3,1127,,"27390,809,0",193,1,封印的泥塑
3018,3,1127,,"27390,510,0",68,1,封印的泥塑
3019,3,1127,,"27170,508,0",254,1,封印的泥塑
3020,3,1127,,"26810,509,0",254,1,封印的泥塑
3021,3,1127,,"26489,407,0",190,1,封印的泥塑
3022,3,1127,,"26230,368,0",254,1,封印的泥塑
3023,3,1127,,"26208,610,0",0,1,封印的泥塑
3024,3,1127,,"26208,949,0",147,1,封印的泥塑
3025,3,1127,,"26207,1230,0",1,1,封印的泥塑
3026,3,1127,,"26209,1410,0",0,1,封印的泥塑
3027,3,1149,,"18210,-2930,0",192,1,南宫
3028,3,1150,,"18170,-3189,0",66,1,武吉
3029,3,1152,,"20850,2510,0",64,1,辛甲
3030,3,1153,,"20630,2669,0",193,1,黄天祥
3031,3,1154,,"20591,2250,0",84,1,黄天禄
3032,3,1155,,"20831,2350,0",67,1,龙须虎
3033,3,1158,,"27130,1168,0",190,1,金吒
3034,3,1159,,"26470,1168,0",254,1,木吒
3035,3,1160,,"26790,888,0",254,1,黄天化
3036,3,1148,,"16588,1931,0",47,1,太颠
3037,3,1151,,"17730,2712,0",126,1,辛免
3038,3,1156,,"16609,3270,0",62,1,杨戬
3039,3,1157,,"18170,2748,0",254,1,姜子牙
3040,3,1122,,"22230,-2167,0",126,1,金兵统领
3041,3,1122,,"22230,-1911,0",253,1,金兵统领
3042,3,1122,,"22487,-1912,0",173,1,金兵统领
3043,3,1122,,"22469,-2169,0",46,1,金兵统领
3044,3,1122,,"22568,-1990,0",129,1,金兵统领
3045,3,1122,,"22350,-1811,0",255,1,金兵统领
3046,3,1122,,"22131,-2029,0",91,1,金兵统领
3047,3,1122,,"22130,-2069,0",64,1,金兵统领
3048,3,1122,,"22591,-2230,0",192,1,金兵统领
3049,3,1117,,"22130,-2348,0",126,1,金兵
3050,3,1117,,"22269,-2349,0",62,1,金兵
3051,3,1117,,"22429,-2348,0",62,1,金兵
3052,3,1117,,"20749,868,0",190,1,金兵
3053,3,1117,,"20549,869,0",191,1,金兵
3054,3,1117,,"20869,968,0",190,1,金兵
3055,3,1117,,"20769,968,0",191,1,金兵
3056,3,1117,,"20649,968,0",191,1,金兵
3057,3,1117,,"20470,968,0",255,1,金兵
3058,3,1117,,"20449,788,0",190,1,金兵
3059,3,1117,,"20650,768,0",190,1,金兵
3060,3,1117,,"20869,748,0",190,1,金兵
3061,3,1122,,"20770,509,0",254,1,金兵统领
3062,3,1122,,"21432,1009,0",205,1,金兵统领
3063,3,1117,,"21331,948,0",244,1,金兵
3064,3,1117,,"21330,1129,0",193,1,金兵
3065,3,1117,,"21510,1109,0",195,1,金兵
3066,3,1117,,"21550,929,0",255,1,金兵
3067,3,1122,,"21430,728,0",254,1,金兵统领
3068,3,1122,,"20789,-90,0",191,1,金兵统领
3069,3,1117,,"20869,7,0",190,1,金兵
3070,3,1117,,"20709,-11,0",190,1,金兵
3071,3,1117,,"20710,-171,0",254,1,金兵
3072,3,1117,,"20870,-131,0",254,1,金兵
3073,3,1122,,"21469,-132,0",190,1,金兵统领
3074,3,1117,,"21549,-51,0",190,1,金兵
3075,3,1117,,"21409,-51,0",191,1,金兵
3076,3,1117,,"21409,-210,0",190,1,金兵
3077,3,1117,,"21549,-191,0",189,1,金兵
3078,3,1122,,"21489,-870,0",129,1,金兵统领
3079,3,1122,,"21589,-890,0",128,1,金兵统领
3080,3,1122,,"21549,-749,0",5,1,金兵统领
3081,3,1122,,"21368,-789,0",0,1,金兵统领
3082,3,1122,,"21470,-970,0",254,1,金兵统领
3083,3,1117,,"21009,-2412,0",191,1,金兵
3084,3,1117,,"21150,-2491,0",254,1,金兵
3085,3,1117,,"20869,-2490,0",190,1,金兵
3086,3,1117,,"21109,-2332,0",190,1,金兵
3087,3,1117,,"20909,-2332,0",190,1,金兵
3088,3,1117,,"20949,-2570,0",191,1,金兵
3089,3,1117,,"21070,-2571,0",254,1,金兵
3090,3,1122,,"21511,-2850,0",192,1,金兵统领
3091,3,1122,,"21530,-2730,0",208,1,金兵统领
3092,3,1122,,"21550,-2950,0",193,1,金兵统领
3093,3,1122,,"21450,-2769,0",69,1,金兵统领
3094,3,1122,,"21450,-2929,0",192,1,金兵统领
3095,3,1117,,"22130,-2889,0",64,1,金兵
3096,3,1117,,"22171,-2748,0",105,1,金兵
3097,3,1117,,"22171,-2990,0",192,1,金兵
3098,3,1117,,"22310,-2910,0",200,1,金兵
3099,3,1117,,"22310,-2810,0",192,1,金兵
3100,3,1117,,"22729,-2010,0",172,1,金兵
3101,3,1117,,"22669,-1870,0",154,1,金兵
3102,3,1117,,"22588,-1731,0",175,1,金兵
3103,3,1118,,"22750,-729,0",126,1,木兵
3104,3,1118,,"22669,-887,0",62,1,木兵
3105,3,1118,,"22810,-869,0",63,1,木兵
3106,3,1118,,"22710,-568,0",63,1,木兵
3107,3,1118,,"22889,-548,0",62,1,木兵
3108,3,1118,,"22750,130,0",126,1,木兵
3109,3,1118,,"22970,150,0",126,1,木兵
3110,3,1118,,"22810,451,0",126,1,木兵
3111,3,1118,,"23050,451,0",62,1,木兵
3112,3,1123,,"22850,252,0",126,1,木兵统领
3113,3,1123,,"23009,271,0",62,1,木兵统领
3114,3,1118,,"22909,1132,0",62,1,木兵
3115,3,1118,,"23050,1151,0",126,1,木兵
3116,3,1118,,"23131,1349,0",192,1,木兵
3117,3,1118,,"23150,1509,0",192,1,木兵
3118,3,1123,,"23030,1251,0",126,1,木兵统领
3119,3,1123,,"22930,1311,0",62,1,木兵统领
3120,3,1123,,"22869,1430,0",62,1,木兵统领
3121,3,1118,,"23791,1490,0",64,1,木兵
3122,3,1118,,"23811,1349,0",192,1,木兵
3123,3,1118,,"24151,1489,0",195,1,木兵
3124,3,1118,,"24152,1310,0",64,1,木兵
3125,3,1123,,"23971,1430,0",65,1,木兵统领
3126,3,1118,,"24831,1449,0",194,1,木兵
3127,3,1118,,"24850,1309,0",210,1,木兵
3128,3,1118,,"25109,1168,0",190,1,木兵
3129,3,1118,,"24929,1169,0",190,1,木兵
3130,3,1123,,"25011,1368,0",243,1,木兵统领
3131,3,1118,,"25090,488,0",190,1,木兵
3132,3,1118,,"24950,489,0",190,1,木兵
3133,3,1118,,"25109,148,0",187,1,木兵
3134,3,1118,,"25269,167,0",188,1,木兵
3135,3,1118,,"24929,148,0",188,1,木兵
3136,3,1123,,"25109,308,0",190,1,木兵统领
3137,3,1123,,"24670,-1372,0",255,1,木兵统领
3138,3,1123,,"24850,-1530,0",254,1,木兵统领
3139,3,1123,,"24489,-1551,0",190,1,木兵统领
3140,3,1123,,"24669,-1732,0",190,1,木兵统领
3141,3,1118,,"24669,-1912,0",190,1,木兵
3142,3,1118,,"24470,-1911,0",190,1,木兵
3143,3,1118,,"24669,-1171,0",190,1,木兵
3144,3,1118,,"24450,-1171,0",255,1,木兵
3145,3,1123,,"24489,-1330,0",190,1,木兵统领
3146,3,1123,,"24890,-1331,0",254,1,木兵统领
3147,3,1123,,"24989,-1208,0",62,1,木兵统领
3148,3,1123,,"24889,-1712,0",190,1,木兵统领
3149,3,1123,,"24469,-1710,0",191,1,木兵统领
3150,3,1123,,"24609,-1490,0",190,1,木兵统领
3151,3,1123,,"24750,-1490,0",254,1,木兵统领
3152,3,1123,,"24730,-1628,0",126,1,木兵统领
3153,3,1123,,"24590,-1629,0",126,1,木兵统领
3154,3,1119,,"24449,-3311,0",190,1,水兵
3155,3,1119,,"24511,-3471,0",236,1,水兵
3156,3,1119,,"24349,-3611,0",190,1,水兵
3157,3,1119,,"24409,-3430,0",190,1,水兵
3158,3,1119,,"24249,-3450,0",254,1,水兵
3159,3,1119,,"24089,-3450,0",190,1,水兵
3160,3,1119,,"24049,-3331,0",187,1,水兵
3161,3,1119,,"24148,-3171,0",173,1,水兵
3162,3,1119,,"24369,-3211,0",190,1,水兵
3163,3,1119,,"24248,-3271,0",171,1,水兵
3164,3,1124,,"25769,-3187,0",62,1,水兵统领
3165,3,1124,,"25650,-3289,0",126,1,水兵统领
3166,3,1124,,"25812,-3369,0",67,1,水兵统领
3167,3,1124,,"25570,-3349,0",125,1,水兵统领
3168,3,1124,,"25730,-3449,0",111,1,水兵统领
3169,3,1124,,"25571,-3469,0",80,1,水兵统领
3170,3,1119,,"26531,-2328,0",105,1,水兵
3171,3,1119,,"26630,-2509,0",93,1,水兵
3172,3,1119,,"26710,-2189,0",107,1,水兵
3173,3,1119,,"26810,-2430,0",232,1,水兵
3174,3,1119,,"26952,-2249,0",67,1,水兵
3175,3,1124,,"27250,-2550,0",238,1,水兵统领
3176,3,1124,,"27170,-2770,0",238,1,水兵统领
3177,3,1124,,"27230,-2670,0",237,1,水兵统领
3178,3,1124,,"28091,-3070,0",192,1,水兵统领
3179,3,1124,,"28071,-3229,0",64,1,水兵统领
3180,3,1124,,"28250,-3190,0",197,1,水兵统领
3181,3,1124,,"28430,-3030,0",214,1,水兵统领
3182,3,1124,,"28290,-3350,0",234,1,水兵统领
3183,3,1124,,"28591,-3209,0",66,1,水兵统领
3184,3,1124,,"28632,-3009,0",84,1,水兵统领
3185,3,1124,,"28530,-3370,0",235,1,水兵统领
3186,3,1124,,"28849,-3170,0",128,1,水兵统领
3187,3,1124,,"28828,-3330,0",129,1,水兵统领
3188,3,1124,,"28270,-2989,0",64,1,水兵统领
3189,3,1121,,"29251,-3169,0",64,1,土兵
3190,3,1121,,"29271,-3350,0",192,1,土兵
3191,3,1121,,"29490,-3290,0",194,1,土兵
3192,3,1121,,"29370,-3149,0",69,1,土兵
3193,3,1121,,"29411,-3010,0",195,1,土兵
3194,3,1121,,"29590,-3129,0",88,1,土兵
3195,3,1121,,"28328,-2469,0",0,1,土兵
3196,3,1121,,"28367,-2290,0",129,1,土兵
3197,3,1121,,"28229,-2471,0",188,1,土兵
3198,3,1121,,"28228,-2329,0",0,1,土兵
3199,3,1121,,"28109,-2450,0",172,1,土兵
3200,3,1121,,"28048,-2249,0",28,1,土兵
3201,3,1121,,"28229,-2128,0",62,1,土兵
3202,3,1121,,"28531,-1608,0",106,1,土兵
3203,3,1121,,"28570,-1769,0",70,1,土兵
3204,3,1126,,"28331,-1670,0",192,1,土兵统领
3205,3,1126,,"28290,-1850,0",234,1,土兵统领
3206,3,1126,,"28270,-1429,0",73,1,土兵统领
3207,3,1126,,"28070,-1508,0",126,1,土兵统领
3208,3,1126,,"28171,-1748,0",108,1,土兵统领
3209,3,1121,,"27869,-1588,0",60,1,土兵
3210,3,1121,,"28990,-1549,0",79,1,土兵
3211,3,1121,,"29070,-1389,0",108,1,土兵
3212,3,1121,,"29150,-1609,0",84,1,土兵
3213,3,1121,,"28850,-1650,0",195,1,土兵
3214,3,1121,,"28852,-1469,0",64,1,土兵
3215,3,1126,,"29230,-1107,0",127,1,土兵统领
3216,3,1126,,"29429,-1088,0",62,1,土兵统领
3217,3,1126,,"29409,-847,0",62,1,土兵统领
3218,3,1126,,"29129,-889,0",62,1,土兵统领
3219,3,1126,,"29190,-749,0",126,1,土兵统领
3220,3,1126,,"29330,-549,0",126,1,土兵统领
3221,3,1126,,"29089,-647,0",62,1,土兵统领
3222,3,1126,,"29009,-789,0",61,1,土兵统领
3223,3,1126,,"28790,-609,0",126,1,土兵统领
3224,3,1126,,"28690,-808,0",126,1,土兵统领
3225,3,1126,,"28709,-991,0",184,1,土兵统领
3226,3,1126,,"28890,-972,0",255,1,土兵统领
3227,3,1126,,"29069,-329,0",46,1,土兵统领
3228,3,1126,,"28829,-369,0",44,1,土兵统领
3229,3,1120,,"26609,-1009,0",26,1,火兵
3230,3,1120,,"26649,-1210,0",128,1,火兵
3231,3,1120,,"26729,-1029,0",39,1,火兵
3232,3,1120,,"26507,-1108,0",28,1,火兵
3233,3,1120,,"26629,-888,0",55,1,火兵
3234,3,1120,,"26429,-949,0",54,1,火兵
3235,3,1120,,"26670,-609,0",107,1,火兵
3236,3,1120,,"26450,-568,0",126,1,火兵
3237,3,1120,,"26490,-368,0",126,1,火兵
3238,3,1120,,"26810,-530,0",210,1,火兵
3239,3,1120,,"26931,-370,0",207,1,火兵
3240,3,1120,,"26731,-329,0",91,1,火兵
3241,3,1120,,"26630,-469,0",108,1,火兵
3242,3,1120,,"26590,-269,0",126,1,火兵
3243,3,1125,,"27370,-490,0",216,1,火兵统领
3244,3,1125,,"27312,-611,0",219,1,火兵统领
3245,3,1125,,"27450,-730,0",201,1,火兵统领
3246,3,1125,,"27550,-609,0",103,1,火兵统领
3247,3,1125,,"27530,-349,0",74,1,火兵统领
3248,3,1125,,"28070,-129,0",105,1,火兵统领
3249,3,1125,,"27971,90,0",75,1,火兵统领
3250,3,1125,,"28210,70,0",125,1,火兵统领
3251,3,1125,,"28130,351,0",121,1,火兵统领
3252,3,1125,,"28451,311,0",105,1,火兵统领
3253,3,1125,,"28370,530,0",110,1,火兵统领
3254,3,1125,,"28671,411,0",112,1,火兵统领
3255,3,1125,,"28749,671,0",62,1,火兵统领
3256,3,1120,,"28489,1110,0",62,1,火兵
3257,3,1120,,"28709,1111,0",62,1,火兵
3258,3,1120,,"28569,1214,0",62,1,火兵
3259,3,1120,,"28450,1190,0",126,1,火兵
3260,3,1120,,"28749,1290,0",62,1,火兵
3261,3,1125,,"28529,1491,0",62,1,火兵统领
3262,3,1125,,"28389,1570,0",49,1,火兵统领
3263,3,1125,,"28610,1670,0",126,1,火兵统领
3264,3,1125,,"28450,1729,0",236,1,火兵统领
3265,3,1125,,"28770,1451,0",125,1,火兵统领
3266,3,1125,,"28672,1872,0",107,1,火兵统领
3267,3,1125,,"28370,1930,0",126,1,火兵统领
3268,3,1125,,"28249,1710,0",4,1,火兵统领
3269,3,1125,,"28250,910,0",105,1,火兵统领
3270,3,1125,,"28570,732,0",126,1,火兵统领
3271,3,1120,,"28388,1330,0",12,1,火兵
3272,3,1120,,"27989,2130,0",45,1,火兵
3273,3,1120,,"27869,2071,0",55,1,火兵
3274,3,1120,,"28029,2252,0",62,1,火兵
3275,3,1120,,"27867,2250,0",20,1,火兵
3276,3,1120,,"27729,2209,0",128,1,火兵
3277,3,1162,,"18828,1829,0",128,1,周兵
3278,3,1162,,"18808,1990,0",1,1,周兵
3279,3,1162,,"18688,1849,0",128,1,周兵
3280,3,1162,,"18708,1970,0",7,1,周兵
3281,3,1162,,"18549,1830,0",0,1,周兵
3282,3,1162,,"18548,1989,0",128,1,周兵
3283,3,1162,,"18369,1989,0",128,1,周兵
3284,3,1162,,"18369,1810,0",0,1,周兵
3285,3,1162,,"18109,1829,0",128,1,周兵
3286,3,1162,,"18067,1990,0",1,1,周兵
3287,3,1162,,"17809,1810,0",6,1,周兵
3288,3,1162,,"17789,1990,0",128,1,周兵
3289,3,1161,,"17648,1809,0",128,1,箭手
3290,3,1161,,"17588,1929,0",132,1,箭手
3291,3,1161,,"17669,2030,0",23,1,箭手
3292,3,1161,,"17508,2170,0",6,1,箭手
3293,3,1161,,"17690,2369,0",192,1,箭手
3294,3,1161,,"17509,2390,0",1,1,箭手
3295,3,1161,,"17507,2630,0",3,1,箭手
3296,3,1162,,"17651,2611,0",107,1,周兵
3297,3,1162,,"17611,2691,0",108,1,周兵
3298,3,1162,,"17750,2570,0",109,1,周兵
3299,3,1162,,"17870,2570,0",108,1,周兵
3300,3,1162,,"17730,2811,0",118,1,周兵
3301,3,1162,,"18090,2788,0",254,1,周兵
3302,3,1162,,"18269,2789,0",190,1,周兵
3303,3,1162,,"18270,2912,0",127,1,周兵
3304,3,1162,,"18109,2890,0",62,1,周兵
3305,3,1161,,"17670,2910,0",126,1,箭手
3306,3,1161,,"17790,2911,0",126,1,箭手
3307,3,1161,,"17909,2890,0",126,1,箭手
3308,3,1161,,"17469,1549,0",133,1,箭手
3309,3,1161,,"17169,1891,0",62,1,箭手
3310,3,1161,,"17209,1669,0",190,1,箭手
3311,3,1161,,"17050,1649,0",255,1,箭手
3312,3,1161,,"16910,1708,0",190,1,箭手
3313,3,1161,,"16689,1728,0",254,1,箭手
3314,3,1161,,"16930,1891,0",127,1,箭手
3315,3,1161,,"16930,2551,0",126,1,箭手
3316,3,1161,,"16587,2550,0",3,1,箭手
3317,3,1161,,"16527,2350,0",0,1,箭手
3318,3,1161,,"16448,2170,0",0,1,箭手
3319,3,1161,,"17012,2249,0",192,1,箭手
3320,3,1162,,"16670,2070,0",126,1,周兵
3321,3,1162,,"16610,1990,0",126,1,周兵
3322,3,1162,,"16730,1971,0",126,1,周兵
3323,3,1162,,"16870,2411,0",126,1,周兵
3324,3,1162,,"16809,2331,0",62,1,周兵
3325,3,1162,,"16608,2851,0",44,1,周兵
3326,3,1162,,"16809,2911,0",59,1,周兵
3327,3,1162,,"16789,3091,0",62,1,周兵
3328,3,1162,,"16609,3090,0",62,1,周兵
3329,3,1162,,"16430,3111,0",124,1,周兵
3330,3,1162,,"16430,3230,0",127,1,周兵
3331,3,1162,,"16430,3450,0",127,1,周兵
3332,3,1162,,"16610,3450,0",126,1,周兵
3333,3,1162,,"16790,3450,0",62,1,周兵
3334,3,1162,,"16790,3270,0",126,1,周兵
3335,3,1161,,"16930,3390,0",65,1,箭手
3336,3,1161,,"16889,3572,0",62,1,箭手
3337,3,1161,,"16709,3590,0",62,1,箭手
3338,3,1161,,"16530,3590,0",62,1,箭手
3339,3,1161,,"16310,3570,0",126,1,箭手
3340,3,1161,,"16288,3370,0",14,1,箭手
3341,3,1161,,"16287,3210,0",0,1,箭手
3342,3,1161,,"16309,2928,0",190,1,箭手
3343,3,1161,,"16529,2909,0",254,1,箭手
3344,3,1161,,"16709,3172,0",58,1,箭手
3345,3,1161,,"16509,3170,0",126,1,箭手
3346,3,1161,,"16509,3352,0",62,1,箭手
3347,3,1161,,"16709,3352,0",126,1,箭手
,,,,,,,
4001,4,1114,,"18330,3072,0",63,1,掠阵官（周）
4002,4,1170,,"18611,1808,0",254,1,黄天祥
4003,4,1171,,"18610,1992,0",63,1,黄天禄
4004,4,1183,,"18150,2728,0",190,1,木吒
4005,4,1174,,"16602,3286,0",57,1,黄天化
4006,4,1173,,"16950,2572,0",126,1,杨戬
4007,4,1134,,"20931,2410,0",192,1,九曲黄河阵阵门
4008,4,1180,,"20931,2429,0",197,1,九曲黄河阵门柱
4009,4,1180,,"20931,2390,0",64,1,九曲黄河阵门柱
4010,4,1165,,"22371,-2028,0",108,1,金结界石
4011,4,1166,,"24669,-1571,0",190,1,木结界石
4012,4,1167,,"28390,-3215,0",208,1,水结界石
4013,4,1168,,"28509,1610,0",45,1,火结界石
4014,4,1169,,"29109,-787,0",61,1,土结界石
4015,4,1128,,"27391,1450,0",192,1,禁锢的元神
4016,4,1128,,"27392,1170,0",64,1,禁锢的元神
4017,4,1128,,"27390,809,0",193,1,禁锢的元神
4018,4,1128,,"27390,510,0",68,1,禁锢的元神
4019,4,1128,,"27170,508,0",254,1,禁锢的元神
4020,4,1128,,"26810,509,0",254,1,禁锢的元神
4021,4,1128,,"26489,407,0",190,1,禁锢的元神
4022,4,1128,,"26230,368,0",254,1,禁锢的元神
4023,4,1128,,"26208,610,0",0,1,禁锢的元神
4024,4,1128,,"26208,949,0",147,1,禁锢的元神
4025,4,1128,,"26207,1230,0",1,1,禁锢的元神
4026,4,1128,,"26209,1410,0",0,1,禁锢的元神
4027,4,1137,,"18210,-2930,0",192,1,陈九公
4028,4,1138,,"18170,-3189,0",66,1,姚少司
4029,4,1139,,"20850,2510,0",64,1,邓忠
4030,4,1140,,"20630,2669,0",193,1,张节
4031,4,1141,,"20591,2250,0",84,1,陶荣
4032,4,1142,,"20831,2350,0",67,1,辛环
4033,4,1147,,"27130,1168,0",190,1,碧霄娘娘
4034,4,1146,,"26470,1168,0",254,1,琼霄娘娘
4035,4,1145,,"26790,888,0",254,1,云霄娘娘
4036,4,1135,,"31091,-2391,0",236,1,余庆
4037,4,1136,,"30769,-2910,0",254,1,吉立
4038,4,1143,,"31450,-2410,0",192,1,闻仲
4039,4,1144,,"30909,-3570,0",189,1,赵公明
4040,4,1122,,"22230,-2167,0",126,1,金兵统领
4041,4,1122,,"22230,-1911,0",253,1,金兵统领
4042,4,1122,,"22487,-1912,0",173,1,金兵统领
4043,4,1122,,"22469,-2169,0",46,1,金兵统领
4044,4,1122,,"22568,-1990,0",129,1,金兵统领
4045,4,1122,,"22350,-1811,0",255,1,金兵统领
4046,4,1122,,"22131,-2029,0",91,1,金兵统领
4047,4,1122,,"22130,-2069,0",64,1,金兵统领
4048,4,1122,,"22591,-2230,0",192,1,金兵统领
4049,4,1117,,"22130,-2348,0",126,1,金兵
4050,4,1117,,"22269,-2349,0",62,1,金兵
4051,4,1117,,"22429,-2348,0",62,1,金兵
4052,4,1117,,"20749,868,0",190,1,金兵
4053,4,1117,,"20549,869,0",191,1,金兵
4054,4,1117,,"20869,968,0",190,1,金兵
4055,4,1117,,"20769,968,0",191,1,金兵
4056,4,1117,,"20649,968,0",191,1,金兵
4057,4,1117,,"20470,968,0",255,1,金兵
4058,4,1117,,"20449,788,0",190,1,金兵
4059,4,1117,,"20650,768,0",190,1,金兵
4060,4,1117,,"20869,748,0",190,1,金兵
4061,4,1122,,"20770,509,0",254,1,金兵统领
4062,4,1122,,"21432,1009,0",205,1,金兵统领
4063,4,1117,,"21331,948,0",244,1,金兵
4064,4,1117,,"21330,1129,0",193,1,金兵
4065,4,1117,,"21510,1109,0",195,1,金兵
4066,4,1117,,"21550,929,0",255,1,金兵
4067,4,1122,,"21430,728,0",254,1,金兵统领
4068,4,1122,,"20789,-90,0",191,1,金兵统领
4069,4,1117,,"20869,7,0",190,1,金兵
4070,4,1117,,"20709,-11,0",190,1,金兵
4071,4,1117,,"20710,-171,0",254,1,金兵
4072,4,1117,,"20870,-131,0",254,1,金兵
4073,4,1122,,"21469,-132,0",190,1,金兵统领
4074,4,1117,,"21549,-51,0",190,1,金兵
4075,4,1117,,"21409,-51,0",191,1,金兵
4076,4,1117,,"21409,-210,0",190,1,金兵
4077,4,1117,,"21549,-191,0",189,1,金兵
4078,4,1122,,"21489,-870,0",129,1,金兵统领
4079,4,1122,,"21589,-890,0",128,1,金兵统领
4080,4,1122,,"21549,-749,0",5,1,金兵统领
4081,4,1122,,"21368,-789,0",0,1,金兵统领
4082,4,1122,,"21470,-970,0",254,1,金兵统领
4083,4,1117,,"21009,-2412,0",191,1,金兵
4084,4,1117,,"21150,-2491,0",254,1,金兵
4085,4,1117,,"20869,-2490,0",190,1,金兵
4086,4,1117,,"21109,-2332,0",190,1,金兵
4087,4,1117,,"20909,-2332,0",190,1,金兵
4088,4,1117,,"20949,-2570,0",191,1,金兵
4089,4,1117,,"21070,-2571,0",254,1,金兵
4090,4,1122,,"21511,-2850,0",192,1,金兵统领
4091,4,1122,,"21530,-2730,0",208,1,金兵统领
4092,4,1122,,"21550,-2950,0",193,1,金兵统领
4093,4,1122,,"21450,-2769,0",69,1,金兵统领
4094,4,1122,,"21450,-2929,0",192,1,金兵统领
4095,4,1117,,"22130,-2889,0",64,1,金兵
4096,4,1117,,"22171,-2748,0",105,1,金兵
4097,4,1117,,"22171,-2990,0",192,1,金兵
4098,4,1117,,"22310,-2910,0",200,1,金兵
4099,4,1117,,"22310,-2810,0",192,1,金兵
4100,4,1117,,"22729,-2010,0",172,1,金兵
4101,4,1117,,"22669,-1870,0",154,1,金兵
4102,4,1117,,"22588,-1731,0",175,1,金兵
4103,4,1118,,"22750,-729,0",126,1,木兵
4104,4,1118,,"22669,-887,0",62,1,木兵
4105,4,1118,,"22810,-869,0",63,1,木兵
4106,4,1118,,"22710,-568,0",63,1,木兵
4107,4,1118,,"22889,-548,0",62,1,木兵
4108,4,1118,,"22750,130,0",126,1,木兵
4109,4,1118,,"22970,150,0",126,1,木兵
4110,4,1118,,"22810,451,0",126,1,木兵
4111,4,1118,,"23050,451,0",62,1,木兵
4112,4,1123,,"22850,252,0",126,1,木兵统领
4113,4,1123,,"23009,271,0",62,1,木兵统领
4114,4,1118,,"22909,1132,0",62,1,木兵
4115,4,1118,,"23050,1151,0",126,1,木兵
4116,4,1118,,"23131,1349,0",192,1,木兵
4117,4,1118,,"23150,1509,0",192,1,木兵
4118,4,1123,,"23030,1251,0",126,1,木兵统领
4119,4,1123,,"22930,1311,0",62,1,木兵统领
4120,4,1123,,"22869,1430,0",62,1,木兵统领
4121,4,1118,,"23791,1490,0",64,1,木兵
4122,4,1118,,"23811,1349,0",192,1,木兵
4123,4,1118,,"24151,1489,0",195,1,木兵
4124,4,1118,,"24152,1310,0",64,1,木兵
4125,4,1123,,"23971,1430,0",65,1,木兵统领
4126,4,1118,,"24831,1449,0",194,1,木兵
4127,4,1118,,"24850,1309,0",210,1,木兵
4128,4,1118,,"25109,1168,0",190,1,木兵
4129,4,1118,,"24929,1169,0",190,1,木兵
4130,4,1123,,"25011,1368,0",243,1,木兵统领
4131,4,1118,,"25090,488,0",190,1,木兵
4132,4,1118,,"24950,489,0",190,1,木兵
4133,4,1118,,"25109,148,0",187,1,木兵
4134,4,1118,,"25269,167,0",188,1,木兵
4135,4,1118,,"24929,148,0",188,1,木兵
4136,4,1123,,"25109,308,0",190,1,木兵统领
4137,4,1123,,"24670,-1372,0",255,1,木兵统领
4138,4,1123,,"24850,-1530,0",254,1,木兵统领
4139,4,1123,,"24489,-1551,0",190,1,木兵统领
4140,4,1123,,"24669,-1732,0",190,1,木兵统领
4141,4,1118,,"24669,-1912,0",190,1,木兵
4142,4,1118,,"24470,-1911,0",190,1,木兵
4143,4,1118,,"24669,-1171,0",190,1,木兵
4144,4,1118,,"24450,-1171,0",255,1,木兵
4145,4,1123,,"24489,-1330,0",190,1,木兵统领
4146,4,1123,,"24890,-1331,0",254,1,木兵统领
4147,4,1123,,"24989,-1208,0",62,1,木兵统领
4148,4,1123,,"24889,-1712,0",190,1,木兵统领
4149,4,1123,,"24469,-1710,0",191,1,木兵统领
4150,4,1123,,"24609,-1490,0",190,1,木兵统领
4151,4,1123,,"24750,-1490,0",254,1,木兵统领
4152,4,1123,,"24730,-1628,0",126,1,木兵统领
4153,4,1123,,"24590,-1629,0",126,1,木兵统领
4154,4,1119,,"24449,-3311,0",190,1,水兵
4155,4,1119,,"24511,-3471,0",236,1,水兵
4156,4,1119,,"24349,-3611,0",190,1,水兵
4157,4,1119,,"24409,-3430,0",190,1,水兵
4158,4,1119,,"24249,-3450,0",254,1,水兵
4159,4,1119,,"24089,-3450,0",190,1,水兵
4160,4,1119,,"24049,-3331,0",187,1,水兵
4161,4,1119,,"24148,-3171,0",173,1,水兵
4162,4,1119,,"24369,-3211,0",190,1,水兵
4163,4,1119,,"24248,-3271,0",171,1,水兵
4164,4,1124,,"25769,-3187,0",62,1,水兵统领
4165,4,1124,,"25650,-3289,0",126,1,水兵统领
4166,4,1124,,"25812,-3369,0",67,1,水兵统领
4167,4,1124,,"25570,-3349,0",125,1,水兵统领
4168,4,1124,,"25730,-3449,0",111,1,水兵统领
4169,4,1124,,"25571,-3469,0",80,1,水兵统领
4170,4,1119,,"26531,-2328,0",105,1,水兵
4171,4,1119,,"26630,-2509,0",93,1,水兵
4172,4,1119,,"26710,-2189,0",107,1,水兵
4173,4,1119,,"26810,-2430,0",232,1,水兵
4174,4,1119,,"26952,-2249,0",67,1,水兵
4175,4,1124,,"27250,-2550,0",238,1,水兵统领
4176,4,1124,,"27170,-2770,0",238,1,水兵统领
4177,4,1124,,"27230,-2670,0",237,1,水兵统领
4178,4,1124,,"28091,-3070,0",192,1,水兵统领
4179,4,1124,,"28071,-3229,0",64,1,水兵统领
4180,4,1124,,"28250,-3190,0",197,1,水兵统领
4181,4,1124,,"28430,-3030,0",214,1,水兵统领
4182,4,1124,,"28290,-3350,0",234,1,水兵统领
4183,4,1124,,"28591,-3209,0",66,1,水兵统领
4184,4,1124,,"28632,-3009,0",84,1,水兵统领
4185,4,1124,,"28530,-3370,0",235,1,水兵统领
4186,4,1124,,"28849,-3170,0",128,1,水兵统领
4187,4,1124,,"28828,-3330,0",129,1,水兵统领
4188,4,1124,,"28270,-2989,0",64,1,水兵统领
4189,4,1121,,"29251,-3169,0",64,1,土兵
4190,4,1121,,"29271,-3350,0",192,1,土兵
4191,4,1121,,"29490,-3290,0",194,1,土兵
4192,4,1121,,"29370,-3149,0",69,1,土兵
4193,4,1121,,"29411,-3010,0",195,1,土兵
4194,4,1121,,"29590,-3129,0",88,1,土兵
4195,4,1121,,"28328,-2469,0",0,1,土兵
4196,4,1121,,"28367,-2290,0",129,1,土兵
4197,4,1121,,"28229,-2471,0",188,1,土兵
4198,4,1121,,"28228,-2329,0",0,1,土兵
4199,4,1121,,"28109,-2450,0",172,1,土兵
4200,4,1121,,"28048,-2249,0",28,1,土兵
4201,4,1121,,"28229,-2128,0",62,1,土兵
4202,4,1121,,"28531,-1608,0",106,1,土兵
4203,4,1121,,"28570,-1769,0",70,1,土兵
4204,4,1126,,"28331,-1670,0",192,1,土兵统领
4205,4,1126,,"28290,-1850,0",234,1,土兵统领
4206,4,1126,,"28270,-1429,0",73,1,土兵统领
4207,4,1126,,"28070,-1508,0",126,1,土兵统领
4208,4,1126,,"28171,-1748,0",108,1,土兵统领
4209,4,1121,,"27869,-1588,0",60,1,土兵
4210,4,1121,,"28990,-1549,0",79,1,土兵
4211,4,1121,,"29070,-1389,0",108,1,土兵
4212,4,1121,,"29150,-1609,0",84,1,土兵
4213,4,1121,,"28850,-1650,0",195,1,土兵
4214,4,1121,,"28852,-1469,0",64,1,土兵
4215,4,1126,,"29230,-1107,0",127,1,土兵统领
4216,4,1126,,"29429,-1088,0",62,1,土兵统领
4217,4,1126,,"29409,-847,0",62,1,土兵统领
4218,4,1126,,"29129,-889,0",62,1,土兵统领
4219,4,1126,,"29190,-749,0",126,1,土兵统领
4220,4,1126,,"29330,-549,0",126,1,土兵统领
4221,4,1126,,"29089,-647,0",62,1,土兵统领
4222,4,1126,,"29009,-789,0",61,1,土兵统领
4223,4,1126,,"28790,-609,0",126,1,土兵统领
4224,4,1126,,"28690,-808,0",126,1,土兵统领
4225,4,1126,,"28709,-991,0",184,1,土兵统领
4226,4,1126,,"28890,-972,0",255,1,土兵统领
4227,4,1126,,"29069,-329,0",46,1,土兵统领
4228,4,1126,,"28829,-369,0",44,1,土兵统领
4229,4,1120,,"26609,-1009,0",26,1,火兵
4230,4,1120,,"26649,-1210,0",128,1,火兵
4231,4,1120,,"26729,-1029,0",39,1,火兵
4232,4,1120,,"26507,-1108,0",28,1,火兵
4233,4,1120,,"26629,-888,0",55,1,火兵
4234,4,1120,,"26429,-949,0",54,1,火兵
4235,4,1120,,"26670,-609,0",107,1,火兵
4236,4,1120,,"26450,-568,0",126,1,火兵
4237,4,1120,,"26490,-368,0",126,1,火兵
4238,4,1120,,"26810,-530,0",210,1,火兵
4239,4,1120,,"26931,-370,0",207,1,火兵
4240,4,1120,,"26731,-329,0",91,1,火兵
4241,4,1120,,"26630,-469,0",108,1,火兵
4242,4,1120,,"26590,-269,0",126,1,火兵
4243,4,1125,,"27370,-490,0",216,1,火兵统领
4244,4,1125,,"27312,-611,0",219,1,火兵统领
4245,4,1125,,"27450,-730,0",201,1,火兵统领
4246,4,1125,,"27550,-609,0",103,1,火兵统领
4247,4,1125,,"27530,-349,0",74,1,火兵统领
4248,4,1125,,"28070,-129,0",105,1,火兵统领
4249,4,1125,,"27971,90,0",75,1,火兵统领
4250,4,1125,,"28210,70,0",125,1,火兵统领
4251,4,1125,,"28130,351,0",121,1,火兵统领
4252,4,1125,,"28451,311,0",105,1,火兵统领
4253,4,1125,,"28370,530,0",110,1,火兵统领
4254,4,1125,,"28671,411,0",112,1,火兵统领
4255,4,1125,,"28749,671,0",62,1,火兵统领
4256,4,1120,,"28489,1110,0",62,1,火兵
4257,4,1120,,"28709,1111,0",62,1,火兵
4258,4,1120,,"28569,1214,0",62,1,火兵
4259,4,1120,,"28450,1190,0",126,1,火兵
4260,4,1120,,"28749,1290,0",62,1,火兵
4261,4,1125,,"28529,1491,0",62,1,火兵统领
4262,4,1125,,"28389,1570,0",49,1,火兵统领
4263,4,1125,,"28610,1670,0",126,1,火兵统领
4264,4,1125,,"28450,1729,0",236,1,火兵统领
4265,4,1125,,"28770,1451,0",125,1,火兵统领
4266,4,1125,,"28672,1872,0",107,1,火兵统领
4267,4,1125,,"28370,1930,0",126,1,火兵统领
4268,4,1125,,"28249,1710,0",4,1,火兵统领
4269,4,1125,,"28250,910,0",105,1,火兵统领
4270,4,1125,,"28570,732,0",126,1,火兵统领
4271,4,1120,,"28388,1330,0",12,1,火兵
4272,4,1120,,"27989,2130,0",45,1,火兵
4273,4,1120,,"27869,2071,0",55,1,火兵
4274,4,1120,,"28029,2252,0",62,1,火兵
4275,4,1120,,"27867,2250,0",20,1,火兵
4276,4,1120,,"27729,2209,0",128,1,火兵
4277,4,1164,,"30591,-1489,0",64,1,商兵
4278,4,1164,,"30428,-1470,0",128,1,商兵
4279,4,1164,,"30329,-1370,0",172,1,商兵
4280,4,1164,,"30248,-1291,0",169,1,商兵
4281,4,1164,,"30569,-1571,0",191,1,商兵
4282,4,1164,,"30450,-1592,0",254,1,商兵
4283,4,1164,,"30447,-1850,0",128,1,商兵
4284,4,1164,,"30591,-1849,0",192,1,商兵
4285,4,1163,,"30549,-2052,0",190,1,箭手
4286,4,1163,,"30410,-2052,0",254,1,箭手
4287,4,1163,,"30270,-2050,0",254,1,箭手
4288,4,1163,,"30290,-1869,0",126,1,箭手
4289,4,1163,,"30731,-1950,0",197,1,箭手
4290,4,1163,,"31070,-2189,0",126,1,箭手
4291,4,1163,,"31310,-2189,0",126,1,箭手
4292,4,1163,,"31430,-2249,0",70,1,箭手
4293,4,1163,,"31229,-2910,0",129,1,箭手
4294,4,1163,,"31207,-2690,0",128,1,箭手
4295,4,1163,,"31430,-2570,0",237,1,箭手
4296,4,1163,,"31571,-2908,0",108,1,箭手
4297,4,1164,,"31292,-2329,0",64,1,商兵
4298,4,1164,,"31290,-2489,0",69,1,商兵
4299,4,1164,,"31471,-2370,0",193,1,商兵
4300,4,1164,,"31470,-2469,0",64,1,商兵
4301,4,1164,,"30810,-2410,0",236,1,商兵
4302,4,1164,,"30811,-2310,0",232,1,商兵
4303,4,1164,,"30710,-2370,0",254,1,商兵
4304,4,1164,,"30650,-2252,0",254,1,商兵
4305,4,1163,,"30629,-2729,0",6,1,箭手
4306,4,1163,,"30628,-2950,0",130,1,箭手
4307,4,1163,,"30509,-3169,0",18,1,箭手
4308,4,1163,,"30529,-3389,0",0,1,箭手
4309,4,1163,,"30528,-3629,0",9,1,箭手
4310,4,1163,,"30650,-3732,0",255,1,箭手
4311,4,1163,,"30810,-3751,0",254,1,箭手
4312,4,1163,,"30989,-3750,0",190,1,箭手
4313,4,1163,,"31150,-3730,0",64,1,箭手
4314,4,1163,,"31131,-3570,0",192,1,箭手
4315,4,1163,,"31151,-3410,0",195,1,箭手
4316,4,1163,,"31251,-3370,0",192,1,箭手
4317,4,1163,,"30910,-3310,0",206,1,箭手
4318,4,1164,,"30829,-2850,0",190,1,商兵
4319,4,1164,,"30909,-2731,0",190,1,商兵
4320,4,1164,,"30729,-2811,0",254,1,商兵
4321,4,1164,,"30750,-3370,0",255,1,商兵
4322,4,1164,,"31030,-3452,0",255,1,商兵
4323,4,1164,,"31030,-3670,0",190,1,商兵
4324,4,1164,,"30769,-3651,0",191,1,商兵
4325,4,1163,,"30830,-2087,0",126,1,箭手
4326,4,1163,,"31129,-2491,0",190,1,箭手
4327,4,1163,,"30969,-2551,0",190,1,箭手
4328,4,1163,,"30870,-3050,0",254,1,箭手
4329,4,1163,,"30710,-3452,0",254,1,箭手
4330,4,1163,,"30750,-3210,0",248,1,箭手
,,,,,,,
5001,5,1373,4,"1000,-11200,0",63,1,
5002,5,1373,4,"3020,-11275,0",63,1,
5003,5,1373,4,"2585,-10115,0",63,1,
5004,5,915,4,"310,-10665,0",254,1,
5005,5,915,4,"410,-10665,0",254,1,
5006,5,915,4,"510,-10665,0",254,1,
5007,5,915,4,"610,-10665,0",254,1,
5008,5,915,4,"710,-10665,0",254,1,
5009,5,915,4,"810,-10665,0",254,1,
5010,5,915,4,"910,-10665,0",254,1,
5011,5,915,4,"1010,-10665,0",254,1,
5012,5,915,4,"1110,-10665,0",254,1,
5013,5,915,4,"1210,-10665,0",254,1,
5014,5,915,4,"1310,-10665,0",254,1,
5015,5,915,4,"1410,-10665,0",254,1,
5016,5,915,4,"1510,-10665,0",254,1,
5017,5,915,4,"1610,-10665,0",254,1,
5018,5,915,4,"1710,-10665,0",254,1,
5019,5,915,4,"1810,-10665,0",254,1,
5020,5,915,4,"310,-10665,0",254,1,
5021,5,915,4,"310,-10765,0",254,1,
5022,5,915,4,"310,-10865,0",254,1,
5023,5,915,4,"310,-10965,0",254,1,
5024,5,915,4,"310,-11065,0",254,1,
5025,5,915,4,"310,-11165,0",254,1,
5026,5,915,4,"310,-11265,0",254,1,
5027,5,915,4,"310,-11365,0",254,1,
5028,5,915,4,"310,-11465,0",254,1,
5029,5,915,4,"310,-11565,0",254,1,
5030,5,915,4,"310,-11665,0",254,1,
5031,5,915,4,"310,-11765,0",254,1,
5032,5,915,4,"310,-11865,0",254,1,
5033,5,1225,4,"2600,-10900,0",254,1,
5034,5,1226,4,"2600,-11690,0",512,1,
5035,5,1227,4,"3690,-11715,0",254,1,
5036,5,1228,4,"3765,-10825,0",254,1,
5037,5,1240,4,"3390,-8320,0",254,1,
5038,5,1241,4,"3700,-8730,0",254,1,
